0,NDVIfile
Eagle,1
Emmonak,1
Lavrentiya,1
Mekoryuk,1
Nenana,1
Teller,1
Sand Point,1
Selawik,1
Tununak,1
Dillingham,1
Palmer,1
Terrace,1
Kaktovik,1
Chignik,1
Hooper Bay,1
Karluk,1
McGrath,1
Togiak,1
Wales,1
Yakutat,1
Quinhagak,1
Shishmaref,1
Wainwright,1
Hoonah,1
King Salmon,1
Koyuk,1
Unalakleet,1
Unalaska,1
Kotlit,1
Skagway,1
Provideniya,1
Wrangell,1
Cordova,1
Fort Yukon,1
Kotzebue,1
Homer,1
Kenai,1
Ketchikan,1
Point Hope,1
Sitka,1
Fort Good Hope,1
Valdez,1
Nome,1
Barrow,1
Bethel,1
Kodiak,1
Whitehorse,1
Juneau,1
Fairbanks,1
Anchorage,1
Brochet,2
Lutselke,2
Salluit,2
Stony Rapids,2
Mendocino,2
Pukatawagan,2
Wallace,2
Eastmain,2
Thessalon,2
Tonopah,2
White Sulphur Springs,2
Geraldton2,2
Lac La Biche,2
Gimli,2
Lead,2
Hardin,2
Dillon,2
Polson,2
Vegreville,2
Ely1,2
Flin Flon,2
Powell,2
Goodland,2
Melville,2
Nephi,2
Stettler,2
Selkirk,2
La Sarre,2
Weyburn,2
New Liskeard,2
La Ronge,2
Richmond2,2
Lander,2
Tillamook,2
Miles City,2
Camrose,2
Devils Lake,2
Dryden,2
Ironwood,2
Amos,2
Wetaskiwin,2
Alliance,2
Kapuskasing,2
Glendive,2
Crookston,2
Glenwood Springs,2
Ontario,2
Spencer,2
Hinton,2
Tomah,2
La Grande,2
Kirksville,2
Willmar,2
Courtenay,2
North Battleford,2
Burley,2
Hays,2
Arcata,2
Bowling Green2,2
Cranbrook,2
Iron Mountain,2
Albert Lea,2
Ft. Dodge,2
Centralia,2
Rouyn-Noranda,2
Alpena,2
Faribault,2
Brockville,2
Kearney,2
Ottumwa,2
Clarksburg,2
Brainerd,2
Galesburg,2
Prince Albert,2
Harrisonburg,2
Marion,2
Manhattan,2
Orillia,2
Sheboygan,2
Springfield5,2
Mankato,2
Zanesville,2
Lancaster2,2
Richmond3,2
Belleville2,2
Williamsport,2
Grand Island,2
St. Charles2,2
Janesville,2
Blacksburg,2
Lawrence,2
Annapolis,2
Parkersburg,2
Peterborough1,2
Iowa City,2
La Crosse,2
Altoona,2
Springfield3,2
Eau Claire,2
Greeley,2
Benton Harbor,2
Saginaw2,2
Terre Haute,2
Battle Creek,2
Hagerstown,2
Medford,2
Kennewick,2
Dover1,2
Mansfield,2
Vallejo,2
Lafayette2,2
Monterey2,2
New Albany,2
Kilowna,2
Rock Island,2
Beaver Falls,2
Sarnia,2
Petersburg,2
Independence,2
Berkeley,2
Elkhart,2
Appleton,2
Lancaster3,2
London1,2
Kitchener,2
South Bend,2
Rockford,2
San Mateo,2
Waukesha,2
Oshawa,2
Hampton,2
Elgin,2
Aurora1,2
Kansas City2,2
Allentown,2
Joliet,2
Evanston,2
Windsor1,2
Baker Lake,2
Cape Dorset,2
Oxford House,2
Banff,2
Lansdowne House,2
Fort Simpson,2
Norman Wells,2
Fort Resolution,2
John Day,2
Athabasca,2
Cobalt,2
Little Current,2
Port Hardy,2
Shamattawa,2
Chapleau,2
Kitty Hawk,2
Matagami,2
Wiarton,2
Jasper,2
Lake Louise,2
Nipigon,2
Burns Lake,2
Biggar,2
Mobridge,2
Red Lake,2
Glasgow1,2
Hearst,2
Fort Chipewyan,2
Rankin Inlet,2
Montpelier1,2
Mt. Shasta,2
Ely2,2
Lillooet,2
Powell River,2
Thermopolis,2
Cochrane,2
Kindersley,2
Wawa,2
Salmon,2
Smithers,2
Hudson Bay,2
Gunnison,2
Chadron,2
The Pas,2
Sidney,2
Meadow Lake,2
Steinbach,2
Atikokan,2
Douglas2,2
Moab,2
Petoskey,2
Astoria,2
Parry Sound,2
McCook,2
Cody,2
Havre,2
Dauphin,2
Green River,2
Craig,2
Price,2
Bemidji,2
Crescent City,2
Nelson2,2
Kenora,2
Hancock,2
Revelstoke,2
Dawson Creek,2
Winnemucca,2
Yankton,2
Rhinelander,2
Rawlins,2
Brooks,2
Williston,2
Orangeville,2
Jamestown2,2
Riverton,2
Mitchell,2
Swift Current,2
Cadillac,2
Pendleton,2
Williams Lake,2
Brookings,2
Escanaba,2
Yorkton,2
Dickinson,2
Vernal,2
Laramie,2
Mont-Laurier,2
Cumberland,2
Penticton,2
Marquette,2
Val d'Or,2
Campbell River,2
Richland,2
Aberdeen1,2
Moose Jaw,2
Montrose,2
North Platte,2
Moorhead,2
Ukiah,2
Superior,2
Norfolk2,2
Marinette,2
Mason City,2
Scottsbluff,2
Watertown,2
Winona,2
Bozeman,2
Aberdeen2,2
Butte,2
Coos Bay,2
Burlington1,2
West Bend,2
Grand Prairie2,2
Roseburg,2
Kalispell,2
Walla Walla,2
Gillette,2
Lethbridge,2
Red Deer,2
Ithaca,2
Morgantown,2
Medicine Hat,2
Ames,2
Twin Falls,2
Corvallis,2
Grand Forks,2
Jamestown1,2
Fond du Lac,2
Klamath Falls,2
Grants Pass,2
Albany3,2
Carson City,2
Salina,2
Quincy,2
Frankfort,2
Columbia1,2
Traverse City,2
Pocatello,2
Dubuque,2
Kamloops,2
Wenatchee,2
Logan,2
Kankakee,2
Danville,2
Kokomo,2
Lewiston2,2
State College,2
Winchester,2
Elmira,2
Beckley,2
Longview2,2
Boulder,2
Merced,2
Oshkosh,2
Wheeling,2
Chico,2
Duluth,2
Yakima,2
Owensboro,2
Nanaimo,2
Jefferson City,2
Bloomington1,2
Idaho Falls,2
Decatur,2
Bend,2
Bellingham,2
Johnstown,2
Rapid City,2
Charlottesville,2
Barrie,2
Sioux City,2
Prince George,2
Wausau,2
Davenport,2
Rochester2,2
Council Bluffs,2
Bloomington2,2
Lima1,2
Yuba City,2
Sudbury,2
St. Joseph,2
Muncie,2
St. Cloud,2
Urbana,2
Huntington,2
Waterloo,2
Kingston2,2
Alton,2
Utica,2
Redding,2
Muskegon,2
Columbia2,2
Racine,2
Grand Junction,2
Caldwell,2
Springfield2,2
Bremerton,2
Saginaw1,2
Wilkes Barre,2
Eugene,2
Erie,2
Scranton,2
Santa Rosa1,2
Binghamton,2
Cedar Rapids,2
Lynchburg,2
Niagara Falls,2
Fredericksburg,2
Modesto,2
Lincoln1,2
Belleville1,2
Evansville,2
Peoria,2
Harrisburg,2
Green Bay,2
Kalamazoo,2
Fort Collins,2
Lexington,2
Virginia Beach,2
York1,2
Ann Arbor,2
Provo,2
Madison,2
Roanoke,2
Lansing,2
Lakeville,2
Canton,2
Ogden,2
Fort Wayne,2
Oakland,2
Flint,2
Everett,2
Youngstown,2
Toledo1,2
Covington,2
Hamilton2,2
Gary,2
Grand Rapids,2
Aurora2,2
Waukegan,2
Akron,2
Dayton,2
Rochester1,2
Tacoma,2
Louisville,2
St. Charles1,2
Columbus2,2
Alexandria2,2
Pontiac,2
Arviat,2
Chesterfield Inlet,2
Taloyoak,2
Kuujjuarapik,2
Fort Smith2,2
Peace River,2
Thompson,2
Fort McMurray,2
Yellowknife,2
International Falls,2
Timmins,2
Fort St. John,2
Elko,2
Brandon,2
Eureka,2
Minot,2
North Bay,2
Missoula,2
Great Falls,2
Casper,2
Sault Ste. Marie,2
Fargo,2
Billings,2
Sioux Falls,2
Topeka,2
Charleston2,2
Salem2,2
Olympia,2
Wilmington2,2
Reno,2
Spokane,2
Syracuse,2
Vancouver1,2
Colorado Springs,2
St. Paul,2
Kansas City1,2
San Jose3,2
Richmond1,2
Baltimore,2
Indianapolis,2
Arctic Bay,2
Fort Severn,2
Pierre,2
Helena,2
Bismarck,2
Cheyenne,2
Regina,2
Thunder Bay,2
Saskatoon,2
Victoria2,2
Boise,2
Winnipeg,2
Des Moines,2
Edmonton,2
Omaha,2
Calgary,2
Ottawa,2
Norfolk1,2
Milwaukee,2
Buffalo,2
Vancouver2,2
Salt Lake City,2
St. Louis,2
Portland2,2
Cincinnati,2
Detroit,2
Denver,2
Sacramento,2
Seattle,2
Pittsburgh,2
Minneapolis,2
Cleveland,2
Philadelphia,2
San Francisco1,2
"Washington, D.C.",2
Chicago,2
Toronto,2
Schefferville,3
Calais1,3
Port Hope Simpson,3
Hopedale,3
Cap-Chat,3
La Scie,3
Baddeck,3
Angra do Heroismo,3
Happy Valley,3
Liverpool1,3
Deer Lake,3
Houlton,3
Montpelier2,3
Amherst,3
Baie-Comeau,3
Dolbeau,3
Riviere-du-Loup,3
Plattsburg,3
Corner Brook,3
New Glasgow,3
Waterville,3
Joliette,3
Drummondville,3
Pittsfield,3
Saratoga Springs,3
St.-Jerome,3
Trois Rivieres,3
Sherbrooke,3
New Bedford,3
New London,3
Waterbury,3
Poughkeepsie,3
Salem1,3
Bridgeport,3
Springfield4,3
Allentown,3
Stamford,3
Trenton,3
Paterson,3
Rigolet,3
St. Anthony,3
Trout River,3
Trepassey,3
Chevery,3
Cartwright,3
Mingan,3
Kimmirut,3
Buchans,3
Isafjordur,3
Argentia,3
Mistassini,3
Channel-Port aux Basques,3
Digby,3
Bar Harbor,3
Gaspe,3
Windsor2,3
Shelburne,3
Gander,3
Horta,3
Bathurst1,3
Bathurst2,3
Antigonish,3
Yarmouth,3
Stephenville,3
Edmundston,3
Atlantic City,3
Saint-Georges1,3
Fredericton,3
Rimouski,3
Chicoutimi,3
Sydney2,3
Victoriaville,3
Concord,3
Newport,3
Shawinigan,3
Cornwall,3
Lewiston1,3
Bangor,3
St. John,3
Utica,3
Moncton,3
Portland1,3
Schenectady,3
Manchester1,3
Worcester1,3
Albany2,3
New Haven,3
Hartford,3
Lowell,3
Providence,3
Newark,3
Narsarsuaq,3
Kuujjuaq,3
Qaanaq,3
Labrador City,3
Augusta2,3
Ponta Delgada,3
Burlington2,3
Wilmington2,3
Nain,3
Charlottetown,3
St. John�۪s,3
Halifax,3
Quebec,3
Montreal,3
Philadelphia,3
New York,3
Boston,3
Finnsnes,4
Donegal,4
Selfoss,4
Keflavik,4
Shannon,4
Slantsy,4
Akureyi,4
Lisburn,4
Luleburgaz,4
Chur,4
Mugla,4
Kavala,4
Omagh,4
Vratsa,4
Vlore,4
Alexandroupoli,4
Tralee,4
Covilha,4
Kohtla-Jarve,4
Gjovik,4
Mo i Rana,4
Tulcea,4
Haugesund,4
Barletta,4
Chernyakhovsk,4
Shumen,4
Sliven,4
Rezekne,4
Drobeta-Turnu Severin,4
Viborg,4
Biel,4
Trnava,4
Asti,4
Crotone,4
Maladzyechna,4
Waterford,4
Savonlinna,4
Ourense,4
Roskilde,4
Vibo Valentia,4
Prizren,4
Elbasan,4
Pernik,4
Karlovac,4
Elblag,4
Zenica,4
Liepaga,4
Novara,4
Suceava,4
Ceske Budejovice,4
Emden,4
Tetovo,4
Zrenjanin,4
Banska Bystrica,4
Polatsk,4
Subotica,4
Slupsk,4
Inowroclaw,4
Buzau,4
Greenock,4
Baranavichy,4
Sibiu,4
Szombathely,4
Kamyanets-Podilskyy,4
Sassari,4
Panevezy,4
Carlisle,4
Kecskemet,4
Wloclawek,4
Volos,4
Olomouc,4
Ornskoldsvik,4
Siauliai,4
Gorzow Wielkopolski,4
Coburg,4
Vitoria2,4
Chester,4
Liberec,4
Borlange,4
Szekesfehervar,4
Arras,4
Svetogorsk,4
Plovdiv,4
Arad,4
Uzhgorod,4
Drohobych,4
Galati,4
Kragujevac,4
Slavonski Brod,4
Walbrzych,4
Khmelnytskyy,4
Wiener,4
Reggio di Calabria,4
Tarbes,4
Oradea,4
St.-Brieuc,4
Nyiregyhaza,4
Gijon,4
Roanne,4
Aix-en-Provence,4
Olsztyn,4
Leon3,4
Pitesti,4
Setubal,4
Przemysl,4
Mataro,4
Patra,4
Skien,4
Modena,4
Pori,4
Rijeka,4
Poitier,4
Besancon,4
Erfurt,4
Vasteraas,4
Annecy,4
Jonkoping,4
Opole,4
Perpignan,4
Lahti,4
Oldenburg,4
Furth,4
Aydin,4
Udine,4
Braunschweig,4
Angers,4
Biarritz,4
Eindhoven,4
Clermont-Ferrand,4
Kassel,4
Bielefeld,4
Augsburg,4
Treviso,4
Southampton,4
Pirai̩vs,4
Sunderland,4
Chemnitz,4
Swansea,4
Bournemouth,4
Melun,4
Leicester,4
Strasbourg,4
Heidelberg,4
Karlsruhe,4
Bristol2,4
Tarnow,4
Bytom,4
Leeds,4
Southend,4
Wuppertal,4
Caserta,4
Gent,4
Bradford,4
Reading,4
Duisburg,4
Liege,4
Lille,4
Essen,4
Sheffield,4
Braga,4
Como,4
Dortmund,4
Saudarkrokur,4
Egilsstadir,4
Ermoupoli,4
Kirkwall,4
Kos,4
Lerwick,4
Sparti,4
Sodankyla,4
Killarney,4
Thorshavn,4
Kyustendil,4
Steinkjer,4
Sligo,4
Tripoli2,4
Mitilini,4
Sovetsk1,4
Kilkenny,4
Penzance,4
Douglas3,4
Drogheda,4
Cahul,4
Seres,4
Vac,4
Shkoder,4
Khaskovo,4
Frederikshavn,4
Katerini,4
Visby,4
Tekirdag,4
Bodo,4
Kiruna,4
Dobrich,4
Jihlava,4
Rodos,4
Bitola,4
Elk,4
Dubrovnik,4
Ventspils,4
Guadalajara2,4
Molde,4
Focsani,4
Pula,4
Zvolen,4
Dundalk,4
Perth1,4
Bollnas,4
Stara Zagora,4
Pirgos,4
Civitavecchia,4
Lida,4
Siena,4
Mazyr,4
Dumfries,4
Vyborg,4
Harstad,4
Canakkale,4
Dover2,4
Hios,4
Inverness,4
Moss,4
Santiago de Compostela,4
Turnovo,4
Lillehammer,4
Jelgava,4
Toledo2,4
Suwalki,4
Resita,4
Botosani,4
Porvoo,4
Kemi,4
Korosten,4
Olbia,4
Prijedor,4
Pleven,4
Ayr1,4
Svendborg,4
Lomza,4
Xanthi,4
Zilina,4
L'Aquila,4
Parnu,4
Narva,4
Edirne,4
Sandnes,4
Foggia,4
Auxerre,4
Zadar,4
Burgas,4
Kerkira,4
Kristianstad,4
San Marino,4
Benevento,4
Agrinio,4
Dieppe,4
Pinsk,4
Scarborough,4
Koszalin,4
Kaposvar,4
Kovel,4
Stralsund,4
Siedlce,4
Skelleftea,4
Beziers,4
Tartu,4
Baia Mare,4
Londonderry,4
Durres,4
Bolzano,4
Albacete,4
Daugavpils,4
Presov,4
Galway,4
Calarasi,4
Arezzo,4
Pec2,4
Rivne,4
Leeuwarden,4
Logrono,4
Szolnok,4
Kalmar,4
Ajaccio,4
Hof,4
Tirgu Mures,4
Nevers,4
Balti,4
Pec1,4
Stavanger,4
Grudziadz,4
Bath,4
Trollhattan,4
Boras,4
Passau,4
Zielona Gora,4
Chalkida,4
Bastia,4
Izmayil,4
Varna,4
Vaxjo,4
Tuzla,4
Ostersund,4
Brive,4
Osijek,4
Ioanina,4
Vaduz,4
Rosenheim,4
Badajoz,4
Esbjerg,4
Brindisi,4
Nis,4
Cherbourg,4
Jena,4
Klaipeda,4
Burgos,4
Gyor,4
Larissa,4
Lappeenranta,4
Ternopil,4
Agen,4
Legnica,4
Mostar,4
Exeter,4
Pardubice,4
Kuopio,4
Barysaw,4
Vichy,4
Flensburg,4
Lutsk,4
Limerick,4
Soke,4
Gera,4
Calais2,4
Umea,4
Lugano,4
Ivano-Frankivsk,4
Giessen,4
Ruse,4
Maribor,4
Ancona,4
Hrodna,4
Pizen,4
Halmstad,4
Salamanca3,4
Klagenfurt,4
Zlin,4
Craiova,4
Coimbra,4
La Rochelle,4
Trento,4
Ferrara,4
Dundee,4
Plock,4
Kosice,4
Banja Luka,4
Kalisz,4
Trieste,4
Bacau,4
Bourges,4
Gottingen,4
Cottbus,4
Catanzaro,4
Pecs,4
Babruysk,4
Parma,4
Luzern,4
York2,4
Brasov,4
Livorno,4
Ploiesti,4
Ipswich,4
Orebro,4
Cork,4
Valladolid1,4
Bremerhaven,4
Troyes,4
Lorient,4
Helsingborg,4
Ravenna,4
Debrecen,4
Oviedo,4
Amiens,4
Le Mans,4
Drammen,4
Groningen,4
Tarragona,4
Taranto,4
Lausanne,4
Balikesir,4
Novi Sad,4
Karlstad,4
Reims,4
Timisoara,4
Aalborg,4
Aberdeen3,4
Luton,4
Castello,4
Vinnytsya,4
Messina,4
Norwich,4
Iasi,4
Szeged,4
Innsbruck,4
Miskolc,4
Split,4
Gavle,4
Lecce,4
Bialystok,4
Jyvaskyla,4
Plymouth,4
Manisa,4
Norrkoping,4
Freiburg,4
Wurzburg,4
Ulm,4
Pamplona2,4
Uppsala,4
Dijon,4
Nimes,4
Rennes,4
Namur,4
Blackpool,4
Oxford,4
Brugge,4
M��nster,4
Santander,4
Brest1,4
Odense,4
Linkoping,4
Ingolstadt,4
Salzburg,4
Nowy Sacz,4
Perugia,4
Zaragoza,4
Regensburg,4
Chernivtsi,4
Radom,4
Limoges,4
Gdynia,4
Cagliari,4
San Sebasti��n,4
Lublin,4
Rostock,4
Potsdam,4
Denizli,4
Magdeburg,4
Kaunas,4
Bydgoszcz,4
Saint-Etienne,4
Szczecin,4
Kingston upon Hull,4
Lubeck,4
Haarlem,4
Kiel,4
Mulhouse,4
La Coruna,4
Aarhus,4
Kielce,4
Palma,4
Pescara,4
Osnabr��ck,4
Nancy,4
Brno,4
Caen,4
Oulu,4
Gliwice,4
Genoa,4
Turku,4
Pisa,4
Montpellier,4
Orleans,4
Coventry,4
Grenoble,4
Brighton,4
Tours,4
Portsmouth,4
Graz,4
Edinburgh,4
Vatican City,4
Rouen,4
Nurnberg,4
Rzeszow,4
Bari,4
Stoke,4
Toulon,4
Wroclaw,4
Basel,4
Koblenz,4
Linz,4
Leipzig,4
Middlesbrough,4
Bologna,4
Utrecht,4
Poznan,4
Charleroi,4
Verona,4
Nantes,4
Wiesbaden,4
Ostrava,4
Hannover,4
Cardiff,4
Lodz,4
Bonn,4
Goteborg,4
Mannheim,4
Metz,4
Bremen,4
Salerno,4
Katowice,4
Nottingham,4
Toulouse,4
Turin,4
Nice,4
Rotterdam,4
Liverpool2,4
Saarbrucken,4
Koln,4
D��sseldorf,4
Stuttgart,4
Bergamo,4
Antwerpen,4
Versailles,4
Porto,4
Manchester2,4
Hammerfest,4
Venice,4
Andorra,4
Rovaniemi,4
Kristiansand,4
Monaco,4
Brest2,4
Constanta,4
Lulea,4
Vaasa,4
Cluj-Napoca,4
Pskov,4
Zhytomyr,4
Luxembourg,4
Sundsvall,4
Vigo,4
Malmo,4
Le Havre,4
Kaliningrad,4
Gdansk,4
Lvov,4
Geneva,4
Bilbao,4
Belfast,4
The Hague,4
Tampere,4
Bursa,4
Marseille,4
Dresden,4
Florence3,4
Izmir,4
Bordeaux,4
Krakow,4
Hamburg,4
Birmingham2,4
Tromso,4
Podgorica,4
Pristina,4
Tirana,4
Reykjavik,4
Bern,4
Trondheim,4
Bergen,4
Sarajevo,4
Chisinau,4
Bratislava,4
Skopje,4
Vilnius,4
Tallinn,4
Ljubljana,4
Thessaloniki,4
Riga,4
Newcastle,4
Belgrade,4
Minsk,4
Sofia,4
Zagreb,4
Palermo,4
Prague,4
Oslo,4
Valencia2,4
Athens2,4
Bucharest,4
Glasgow2,4
Lisbon,4
Helsinki,4
Budapest,4
Naples2,4
Lyon,4
Barcelona1,4
Warsaw,4
Z��rich,4
Amsterdam,4
Dublin2,4
Copenhagen,4
Munich,4
Vienna,4
Rome,4
Frankfurt,4
Madrid,4
Stockholm,4
Berlin,4
Brussels,4
Milan,4
Paris,4
Istanbul,4
London2,4
Gubkin,5
Sharbaqty,5
Celeken,5
Zelenodolsk,5
Aqadyr,5
Osakarovka,5
Maqat,5
Severnyy,5
Nikolayevsk,5
Kupina,5
Polyarnyy,5
Kirsanov,5
Bakal,5
Khromtau,5
Zhosaly,5
Novomoskovsk,5
Zheleznogorsk,5
Cholpon Ata,5
Gyzlarbat,5
Tatvan,5
Ahar,5
Tskhinvali,5
Balyqshy,5
Brovary,5
Uglich,5
Yevlax,5
Pyatigorsk,5
Kentau,5
Severomorsk,5
Polatli,5
Buguruslan,5
Plast,5
Novozybkov,5
Dyatkovo,5
Rudny,5
Atbasar,5
Krasnouralsk,5
Shebekino,5
Klin,5
Kirovo-Chepetsk,5
Nizhenvartovsk,5
Berdyansk,5
Kamensk Shakhtinskiy,5
Kropotkin,5
Rzhev,5
Verkhniy Ufaley,5
Naryn,5
Koneurgench,5
Apatity,5
Vyshnniy Volochek,5
Severouralsk,5
Leninogorsk,5
Alapayevsk,5
Ruzayevka,5
Mozdok,5
Apsheronsk,5
Shchekino,5
Kizel,5
Esik,5
Novoshakhtinsk,5
Balakhna,5
Oktyabrskiy,5
Lenger,5
Borisoglebsk,5
Uman,5
Aleksin,5
Shuya,5
Zharkent,5
Georgievsk,5
Vanadzor,5
Illichivsk,5
Orekhovo-Zuevo,5
Asbest,5
Kislovodsk,5
Novotroitsk,5
Michurinsk,5
Gyumri,5
Khujayli,5
Ukhta,5
Bila Tserkva,5
Qyzylorda,5
Isparta,5
Bugulma,5
Bataysk,5
Kutahya,5
Balakovo,5
Kolomna,5
Arzamas,5
Guliston,5
Novocherkassk,5
Iskandar,5
Sergiyev Posad,5
Corum,5
Konotop,5
Sumqayt,5
Elazig,5
Karabuk,5
Yelets,5
Solikamsk,5
Tokmak,5
Maykop,5
Kineshma,5
Chapayevsk,5
Mykolayiv,5
Kahramanmaras,5
Taganrog,5
Kara Balta,5
Nevinnomyssk,5
Chernihiv,5
Ganca,5
Sterlitamak,5
Novokuybishevsk,5
Kramatorsk,5
Chirchiq,5
Tambov,5
Urgut,5
Kolpino,5
Homyel,5
Syzran,5
Adapazari,5
Makhachkala,5
Kutaisi,5
Makiyivka,5
Konibodom,5
Naberezhnyye Chelny,5
Icel,5
Khujand,5
Horlivka,5
Denow,5
Kryvyy Rih,5
Qurghonteppa,5
Kattaqorgon,5
Rize,5
Namangan,5
Amderma,5
Novyy Urengoy,5
Saryshaghan,5
Kirkenes,5
Mtsensk,5
Bayghanin,5
Fort Shevchenko,5
Makhambet,5
Zhaltyr,5
Kargat,5
Uray,5
Zholymbet,5
Tobol,5
Chapaev,5
Kachiry,5
Mezen,5
Embi,5
Aqtau,5
Bulaevo,5
Qarqaraly,5
Nadym,5
Naryan Mar,5
Komsomolets,5
Gubakha,5
Qusmuryn,5
Sovetsk2,5
Dombarovskiy,5
Kirovsk,5
Esil,5
Shonzhy,5
Shar,5
Lgov,5
Tayynsha,5
Velikiy Ustyug,5
Tash Komur,5
Mednogorsk,5
Sosnogorsk,5
Nikel,5
Gornyak,5
Oktyabrsk,5
Zhanibek,5
Cherlak,5
Megion,5
Pallasovka,5
Krasnoarmeysk,5
Qapshaghay,5
Aqsay,5
Kapan,5
Ertis,5
Gay,5
Kulunda,5
Volgodonsk,5
Derzhavinsk,5
Qulan,5
Segezha,5
Zarafshon,5
Goycay,5
Qarazhal,5
Ivdel,5
Rayevskiy,5
Erymentau,5
Kirs,5
Kondopoga,5
Atkarsk,5
Shalqar,5
Algha,5
Pechora,5
Qaratau,5
Kumertau,5
Golyshmanovo,5
Kamenka,5
Polevskoy,5
Kuybyshevskiy,5
Salekhard,5
Kirov1,5
Kotovsk,5
Kudymkar,5
Luga,5
Kasimov,5
Barabinsk,5
Kurtamysh,5
Rostov2,5
Strezhevoy,5
Kamenna Obi,5
Ushtobe,5
Kaspiysk,5
Sasovo,5
Bogoroditsk,5
Belebey,5
Nazyvayevsk,5
Zhetiqara,5
Nyagan,5
Aral,5
Nelidovo,5
Atasu,5
Karasuk,5
Makinsk,5
Solnechnogorsk,5
Velsk,5
Inta,5
Slavgorod,5
Millerovo,5
Kalachinsk,5
Balqash,5
Buy,5
Chusovoy,5
Yegoryevsk,5
Obninsk,5
Yalutorovsk,5
Tikhvin,5
Ayakoz,5
Shieli,5
Shumerlya,5
Blagodarnyy,5
Yeysk,5
Alatyr,5
Buynaksk,5
Amasya,5
Nevyansk,5
Torzhok,5
Artemovskiy,5
Tatarsk,5
Bologoye,5
Onega,5
Karpinsk,5
Alekseyevka,5
Vyazma,5
Bezhetsk,5
At Bashy,5
Slobodskoy,5
Gelendzhik,5
Kotelnich,5
Mikhaylovka,5
Sarqan,5
Stepanakert,5
Yalta,5
Uryupinsk,5
Pugachev,5
Tuymazy,5
Akhtubinsk,5
Ali Bayramli,5
Birsk,5
Otar,5
Isikul,5
Tara,5
Qulsary,5
Valuyki,5
Tuapse,5
Chistopol,5
Arqalyq,5
Sol-lletsk,5
Sibay,5
Salsk,5
Arys,5
Saki,5
Toktogul,5
Omutninsk,5
Staraya Russa,5
Roslavl,5
Gryazi,5
Krasnokamsk,5
Dzhankoy,5
Kanash,5
Timashevsk,5
Yefremov,5
Kartaly,5
Serdobsk,5
Mozhga,5
Elista,5
Verkhnyaya Salda,5
Khanty Mansiysk,5
Safonovo,5
Otradnyy,5
Kokshetau,5
Kyshtym,5
Kotlas,5
Mazyr,5
Frolovo,5
Derbent,5
Sharya,5
Livny,5
Balykchy,5
Neftekamsk,5
Vichuga,5
Yemanzhelinsk,5
Sokol,5
Kandalaksha,5
Zelenokumsk,5
Ekibastuz,5
Balkanabat,5
Agri,5
Yevpatoriya,5
Poti,5
Kimry,5
Borovichi,5
Tobolsk,5
Shadrinsk,5
Kamyshin,5
Asha,5
Morshansk,5
Tikhoretsk,5
Kuznetsk,5
Klintsy,5
Kungur,5
Voznesensk,5
Lankaran,5
Kars,5
Mus,5
Volsk,5
Krasnoufimsk,5
Kerch,5
Salavat,5
Belaya Kalitva,5
Naxcivan,5
Gatchina,5
Vyska,5
Shostka,5
Buzuluk,5
Volkhov,5
Shu,5
Usak,5
Votkinsk,5
Tavda,5
Monchegorsk,5
Chimboy,5
Sarapul,5
Sukhumi,5
Orsk,5
Talas,5
Labinsk,5
Glazov,5
Turkistan,5
Karaman,5
Dimitrovgrad,5
Murom,5
Balashov,5
Kovrov,5
Troitsk,5
Temirtau,5
Nizhnyaya Tura,5
Sivas,5
Oytal,5
Atyrau,5
Orsha,5
Nikopol,5
Khvoy,5
Ishim,5
Rubtsovsk,5
Almetyevsk,5
Eregli,5
Batumi,5
Velikiye Luki,5
Kulob,5
Severodvinsk,5
Rustavi,5
Taldyqorghan,5
Olmaliq,5
Pervouralsk,5
Karakol,5
Kupyansk,5
Tiraspol,5
Serov,5
Novorossiysk,5
Kirikkale,5
Serpukhov,5
Zlatoust,5
Petropavlovsk,5
Kremenchuk,5
Starsy Oskol,5
Erzurum,5
Oostanay,5
Engels,5
Bafra,5
Aksu,5
Sumy,5
Qunghirot,5
Berezniki,5
Lysychansk,5
Afyon,5
Armavir,5
Oral,5
Cherkessk,5
Erzincan,5
Kogon,5
Vladimir,5
Nizhyn,5
Miass,5
Kirovohrad,5
Dasoguz,5
Bolu,5
Rybinsk,5
Angren,5
Urgentch,5
Kostroma,5
Kherson,5
Mahilyow,5
Uroteppa,5
Cherepovets,5
Cherkasy,5
Buxoro,5
Belgorod,5
Noginsk,5
Orel,5
Saransk,5
Poltava,5
Vitsyebsk,5
Kaluga,5
Cheboksary,5
Van,5
Eskisehir,5
Batman,5
Zonguldak,5
Syktyvkar,5
Luhansk,5
Kamensk Uralskiy,5
Yoshkar Ola,5
Melitopol,5
Adiyaman,5
Volzhskiy,5
Diyarbakir,5
Podolsk,5
Vladikavkaz,5
Malatya,5
Shakhty,5
Ordu,5
Navoi,5
Simferopol,5
Ivanovo,5
Khiwa,5
Nizhnekamsk,5
Dzerzhinsk,5
Jizzax,5
Kursk,5
Zaporizhzhya,5
Kocaeli,5
Mariupol,5
Tarsus,5
Kurgan,5
Lipetsk,5
Jalal Abad,5
Tula1,5
Izhevsk,5
Osh,5
Kayseri,5
Tyumen,5
Tolyatti,5
Qarshi,5
Antalya,5
Trabzon,5
Omsk,5
Shahrisabz,5
Fargona,5
Qoqon,5
Qazaly,5
Turkmenbasy,5
Vorkuta,5
Sochi,5
Shache,5
Magnitogorsk,5
Petrozavodsk,5
Aqtobe,5
Voronezh,5
Nukus,5
Vologda,5
Pavlodar,5
Turkmenabat,5
Stavropol,5
Smolensk,5
Tver,5
Semey,5
Ulyanovsk,5
Kirov2,5
Yining,5
Taraz,5
Naltchik,5
Orenburg,5
Bryansk,5
Shymkent,5
Penza,5
Nizhny Tagil,5
Astrakhan,5
Ryazan,5
Krasnodar,5
Yaroslave,5
Adana,5
Saratov,5
Odessa2,5
Rostov1,5
Konya,5
Groznyy,5
Dnipropetrovsk,5
Bursa,5
Chelyabinsk,5
Donetsk,5
Kharkiv,5
Samsun,5
Andijon,5
Surgut,5
Murmansk,5
Qaraghandy,5
Astana,5
Sevastapol,5
Hotan,5
Archangel,5
Tbilisi,5
Volgograd,5
Samara,5
Kashi,5
Yerevan,5
Kiev,5
Ufa,5
Almaty,5
Kazan,5
Bishkek,5
Baku,5
Yekaterinburg,5
Nizhny Novgorod,5
Perm,5
Samarqand,5
Dushanbe,5
St. Petersburg2,5
Ankara,5
Tashkent,5
Istanbul,5
Moscow,5
Sherlovaya Gora,6
Neryungri,6
Chernogorsk,6
Vilyuysk,6
Kimhyonggwon,6
Chosan,6
Anbyon,6
Uliastay,6
Changyon,6
Wuchuan,6
Buyant-Uhaa,6
Bugt,6
Shemonaikha,6
Abaza,6
Shangdu,6
Zaozernyy,6
Arvayheer,6
Tsetserleg,6
Shilka,6
Dalnerechensk,6
Erenhot,6
Xinqing,6
Tonghua,6
Kyakhta,6
Bogotol,6
Angangxi,6
Toguchin,6
Ust Kut,6
Orongen Zizhiqi,6
Daan,6
Arsenyev,6
Zuozhou,6
Baiquan,6
Ergun Zuoqi,6
Linkou,6
Petrovsk Zabaykalskiy,6
Changling,6
Hanggin Houqi,6
Tayshet,6
Svobodnyy,6
Munchon,6
Zalantun,6
Kuga,6
Iskitim,6
Kiselevsk,6
Suileng,6
Kansk,6
Manpo,6
Leninsk Kuznetsky,6
Qingan,6
Partizansk,6
Qinggang,6
Anzhero Sudzhensk,6
Usolye Sibirskoye,6
Nakhodka,6
Wonju,6
Chuncheon,6
Beipiao,6
Hamhung,6
Anda,6
Hulan Ergi,6
Wafangdian,6
Yanji,6
Hegang,6
Xuanhua,6
Hangu,6
Liaoyuan,6
Kaesong,6
Sunchon,6
Qitaihe,6
Shihezi,6
Ansan,6
Liaoyang,6
Jilin,6
Hengshui,6
Vikhorevka,6
Chegdomyn,6
Linxi,6
Progress,6
Shira,6
Kirensk,6
Taedong,6
Mandalgovi,6
Suntar,6
Olovyannaya,6
Pokrovsk,6
Arxan,6
Alxa Zuoqi,6
Tynda,6
Kailu,6
Zmeinogorsk,6
Artemovsk,6
Dudinka,6
Quiemo,6
Musan,6
Ulaangom,6
Khilok,6
Sayanogorsk,6
Timiryazevskiy,6
Igarka,6
Gusinoozyorsk,6
Anxi,6
Zheleznogorsk Ilimskiy,6
Ondorhaan,6
Yeniseysk,6
Skovorodino,6
Dzuunharaa,6
Wuyuan,6
Moron2,6
Zaysan,6
Krasnokamensk,6
Asino,6
Bayan Obo,6
Urzhar,6
Lesosibirsk,6
Slyudyanka,6
Magdagachi,6
Cherepanovo,6
Sonbong,6
Huinan,6
Biryusinsk,6
Topki,6
Borzya,6
Mogocha,6
Olgiy,6
Yurga,6
Yitulihe,6
Aleysk,6
Uzhur,6
Nerchinsk,6
Uyar,6
Yian,6
Gannan,6
Tailai,6
Manzhouli,6
Pyongsan,6
Shimanovsk,6
Ob,6
Wangqing,6
Tashtagol,6
Linjiang,6
Gorno Altaysk,6
Karamay,6
Longjiang,6
Yichun,6
Nancha,6
Nizhneudinsk,6
Nehe,6
Guryevsk,6
Ningan,6
Yakeshi,6
Tacheng,6
Ridder,6
Sokcho,6
Zima,6
Zyryanovsk,6
Boli,6
Mariinsk,6
Xilinhot,6
Liuhe,6
Ongjin,6
Nenjiang,6
Huanren,6
Shangzhi,6
Jinchang,6
Fujin,6
Keshan,6
Kilchu,6
Taonan,6
Tulun,6
Korla,6
Mishan,6
Helong,6
Nampo,6
Belogorsk,6
Jiaohe,6
Cheremkhovo,6
Hulin,6
Turpan,6
Lesozavodsk,6
Hailun,6
Shulan,6
Spassk Dalniy,6
Lanxi,6
Novoaltaysk,6
Gangneung,6
Hyeson,6
Panshi,6
Haeju,6
Tieli,6
Dunhua,6
Achinsk,6
Hungnam,6
Ussuriysk,6
Fengzhen,6
Birobidzhan,6
Chongju,6
Kanggye,6
Shuangcheng,6
Jining1,6
Biysk,6
Zhaodong,6
Jiutai,6
Chongjin,6
Prokopyevsk,6
Hunanghua,6
Chengde,6
Suihua,6
Zhangjiakou,6
Baicheng,6
Fuyu,6
Nongan,6
Shouzhou,6
Dandong,6
Benxi,6
Jixi,6
Tieling,6
Zhuanghe,6
Jinxi,6
Fuxin,6
Jinzhou,6
Chaoyang,6
Fushun,6
Datong,6
Langfang,6
Daqing,6
Changping,6
Incheon,6
Suwon,6
Yingkow,6
Cangzhou,6
Qinhuangdao,6
Tangshan,6
Baoding,6
Dingzhou,6
Heihe,6
Bukachacha,6
Dalandzadgad,6
Mirnyy,6
Altay,6
Dund-Us,6
Ust-Ulimsk,6
Shizuishan,6
Lensk,6
Aldan,6
Tumen,6
Sinuiju,6
Choybalsan,6
Wonsan,6
Kimchaek,6
Dunhuang,6
Blagoveshchensk,6
Abakan,6
Kyzyl,6
Hailar,6
Beian,6
Oskemen,6
Norilsk,6
Ulanhot,6
Angarsk,6
Tongliao,6
Ulan Ude,6
Kemerovo,6
Novokuznetsk,6
Mudangiang,6
Jiamusi,6
Siping,6
Chifeng,6
Hohhot,6
Dalian,6
Anshan,6
Shijianzhuang,6
Bratsk,6
Jiayuguan,6
Hami,6
Krasnoyarsk,6
Chita,6
Baotou,6
Yakutsk,6
Tomsk,6
Vladivostok,6
Barnaul,6
Qiqihar,6
Irkutsk,6
Ulaanbaatar,6
Zhangye,6
Novosibirsk,6
Urumqi,6
Pyongyang,6
Changchun,6
Shenyeng,6
Harbin,6
Tianjin,6
Seoul,6
Beijing,6
Uglegorsk,7
Kholmsk,7
Vanino,7
Takaoka,7
Koriyama,7
Komsomolsk na Amure,7
Toyama,7
Klyuchi,7
Makarov,7
Krasnogorsk,7
Savetskaya Gavan,7
Dolinsk,7
Aleksandrovsk,7
Poronaysk,7
Nevelsk,7
Nikolayevsk na Amure,7
Amursk,7
Vyazemskiy,7
Kavalerovo,7
Bikin,7
Korsakov,7
Tsuruoka,7
Otaru,7
Kitami,7
Tomakomai,7
Hachinohe,7
Fukui,7
Hirosaki,7
Obihiro,7
Muroran,7
Nagaoka,7
Aomori,7
Iwaki,7
Akita,7
Fukushima,7
Morioka,7
Yamagata,7
Asahikawa,7
Kanazawa,7
Niigata,7
Dalnegorsk,7
Okha,7
Sakata,7
Yuzhno Sakhalinsk,7
Kushiro,7
Hakodate,7
Khabarovsk,7
Nagano,7
Sendai,7
Magadan,7
Petropavlovsk Kamchatskiy,7
Sapporo,7
Wahiawa,8
Lihue,8
Pago Pago,8
Wailuku,8
Papeete,8
Hilo,8
Honolulu,8
Apia,8
Bocas del Toro,9
Guaranda,9
Jaque,9
Muisne,9
San Juan del Sur,9
Tarapoto,9
Tarma,9
Dangriga,9
Nacaome,9
Chosica,9
Otuzco,9
Esperanza,9
Loreto,9
Huaura,9
San Luis1,9
Van Horn,9
Vicente Guerrero,9
Salinas2,9
Almirante,9
Lamas,9
Paraiso,9
Peto,9
Balancan,9
Villanueva,9
Canatlan,9
Puerto Baquerizo Moreno,9
Boaco,9
Motupe,9
Acatlan,9
San Antonio de los Banos,9
Villa Union,9
Ascension,9
Tekax,9
Atoyac,9
San Gabriel,9
Nautla,9
Dalhart,9
Childress,9
Guines,9
Canas,9
Caibarien,9
Miahuatlan,9
Allende,9
Alpine,9
Santa Rosa de Copan,9
Santiago Ixcuintla,9
Truth or Consequences,9
Progreso,9
Sabinas Hidalgo,9
Cerro de Pasco,9
Arjona,9
Ferrenafe,9
Sensuntepeque,9
Autlan,9
Motul,9
Puerto Barrios,9
Bartlesville,9
Nueva Rosita,9
Penonome,9
Vernon,9
Safford,9
Esteli,9
Ciudad Constitucion,9
Huacho,9
Tizimin,9
Coban,9
La Ceiba,9
Las Vegas1,9
Deming,9
Montemorelos,9
Palma Soriano,9
Hereford,9
Douglas4,9
Juigalpa,9
Manzanillo1,9
Apatzingan,9
Chitre,9
Alice,9
Delano,9
Ciudad Mante,9
Paso Robles,9
Garden City,9
Huamachuco,9
Ciego de Avila,9
McAlester,9
Rio Verde1,9
Ardmore,9
Iguala,9
Palatka,9
Brownwood,9
Ciudad Hidalgo,9
Chilpancingo,9
Atlixco,9
Cienfuegos,9
Juchitan,9
Stillwater,9
Paragould,9
Big Spring,9
Jutiapa,9
Cartago2,9
Hidalgo del Parral,9
Casa Grande,9
Ciudad Madero,9
Cleburne,9
Laurel,9
Madisonville,9
Waycross,9
Tulare,9
Ciudad Valles,9
Orangeburg,9
Lumberton,9
Lake City,9
Portoviejo,9
Crestview,9
Bello,9
La Grange,9
Tuquerres,9
San Marcos,9
New Iberia,9
Cape Girardeau,9
New Braunfels,9
Cartago1,9
Hopkinsville,9
Farmington,9
Jaltipan,9
Callao,9
San Juan del Rio,9
Enid,9
Holguin,9
Hutchinson,9
Meridian,9
Florence2,9
Salisbury,9
San Miguel,9
Victoria1,9
Leesburg,9
Azogues,9
San Cristobal de Las Casas,9
Xalapa,9
Minatitlan,9
Palm Coast,9
Lake Havasu City,9
Freeport1,9
Rocky Mount,9
Homestead,9
Texas City,9
Celaya,9
Kingsport,9
Sonsonate,9
Gomez Palacio,9
Dalton,9
Auburn,9
Lake Charles,9
May Pen,9
Port Charlotte,9
Monterey1,9
Baytown,9
Slidell,9
Morelia,9
Orizaba,9
Los Mochis,9
Spanish Town,9
Longview1,9
Johnson City,9
Bryan,9
Harlingen,9
Sangolqui,9
Southaven,9
Panama City2,9
Winter Haven,9
Reynosa,9
Aguascalientes,9
Saltillo,9
Alajuela,9
Miami Beach,9
Spring Hill,9
Lafayette1,9
Spartanburg,9
Tlaxcala,9
Metairie,9
Barlett,9
McAllen,9
Sanford,9
Durham,9
Melbourne1,9
National City,9
Greensboro,9
Pasadena1,9
Grand Prairie1,9
Coral Springs,9
Glendale,9
Mesa,9
Long Beach,9
Nezahualcoyotl,9
Riverside,9
Marietta,9
Punta Prieta,9
Chilca,9
Mitla,9
Nuqui,9
Papasquiaro,9
Tula2,9
Grand Canyon,9
Milagro,9
Cuencame,9
Frontera,9
George Town1,9
Puerto Lempira,9
Trujillo2,9
Tocache,9
Livingston,9
Sixaola,9
Tombstone,9
Huarmey,9
Punta Gorda,9
Kanab,9
Cajabamba,9
La Cruz1,9
Macas,9
Salaverry,9
Monticello,9
Apalachicola,9
El Fuerte,9
Escuinapa,9
Santa Barbara1,9
Zamora2,9
Bishop,9
Gila Bend,9
Chota,9
Ciudad Cortes,9
Coalcoman,9
Sechura,9
Aldama,9
Juan Aldama,9
Parowan,9
Chachapoyas,9
Halacho,9
La Cruz2,9
La Libertad,9
Macara,9
Olmos,9
Tecuala,9
San Ramon,9
Tolu,9
Valparaiso1,9
Villa Ahumada,9
Willcox,9
Bluefields,9
Junin2,9
Quesada,9
Las Tablas,9
Tlaxiaco,9
Santa Rosalia,9
Santiago Tuxtla,9
Eldorado,9
Felipe Carrillo Puerto,9
Placetas,9
Falfurrias,9
Huatabampo,9
Compostela,9
Gunnison,9
Pijijiapan,9
Chulucanas,9
Juanjui,9
Paita,9
Tucumcari,9
Turbo,9
Juticalpa,9
Petatlan,9
Pimentel,9
Tamuin,9
Lamar,9
Izamal,9
Moyobamba,9
Pisco,9
San Jose2,9
Banes,9
Chancay,9
Pacasmayo,9
La Barca,9
Nueva Gerona,9
Tuxpan,9
Puerto Armuelles,9
Tenosique,9
Socorro1,9
Puerto Cabezas,9
Champoton,9
Orange Walk,9
Raton,9
Trinidad1,9
Linares3,9
Cabo San Lucas,9
Guymon,9
Pecos,9
Port Lavaca,9
Colon2,9
Pochutla,9
Sagua la Grande,9
San Felipe1,9
Dumas,9
Liberia,9
Chone,9
Mazatenango,9
Panuco,9
Parras,9
Needles,9
Talara,9
Cayambe,9
Tena,9
San Pedro de las Colonias,9
Ticul,9
Tingo Maria,9
Cananea,9
Rivas,9
Coffeyville,9
Fort Stockton,9
Puerto Escondido,9
Granada1,9
Ciudad Camargo,9
Tumbes,9
Moron1,9
Valladolid2,9
Belize City,9
Balboa,9
Matagalpa,9
Santiago1,9
Beeville,9
San Fernando2,9
Boulder City,9
Jipijapa,9
Flores,9
Quibdo,9
Tehuantepec,9
Artemisa,9
Caborca,9
Manzanillo2,9
Sancti Spiritus,9
Huaraz,9
Los Alamos,9
Woodward,9
Cozumel,9
Ojinaga,9
Bay City,9
Lorica,9
Kingsville,9
Ciudad Guzman,9
Jaen,9
Agua Prieta,9
Guamuchil,9
Douglas1,9
Cedar City,9
Selma,9
Tulua,9
Poplar Bluff,9
Comayagua,9
Durango2,9
Ometepec,9
Ciudad del Carmen,9
Emporia,9
Dodge City,9
Florencia,9
Key West,9
Montrose,9
Alamogordo,9
Sullana,9
Leon1,9
Choluteca,9
Carbondale,9
Nuevitas,9
Babahoyo,9
Chetumal,9
Nuevo Casas Grandes,9
Matehuala,9
Scottsdale2,9
Gallup,9
Huntsville1,9
Huanuco,9
Bayamo,9
Guanajuato,9
Cuauhtemoc,9
Ponca City,9
Puntarenas,9
Shawnee,9
Hobbs,9
Carlsbad,9
Las Tunas,9
Colon1,9
El Dorado1,9
Zamora1,9
Del Rio,9
El Centro,9
Enterprise,9
Popayan,9
Latacunga,9
Esmeraldas,9
Machala,9
Huehuetenango,9
Salina Cruz,9
Biloxi,9
Chincha Alta,9
Armenia,9
Monteria,9
Galveston,9
Chinandega,9
San Luis Obispo,9
Fresnillo,9
Delicias,9
Vicksburg,9
Uruapan,9
Eagle Pass,9
Buenaventura,9
Tuxpam,9
Dublin1,9
Matanzas,9
Natchez,9
Huajuapan de Leon,9
Greenville1,9
Escuintla,9
Clovis,9
Lagos de Moreno,9
Riobamba,9
Navajoa,9
Ipiales,9
Sincelejo,9
Myrtle Beach,9
Pinar del Rio,9
Loja,9
Cajamarca,9
Cordoba3,9
Tehuacan,9
Manta,9
Tupelo,9
Beaufort,9
Salamanca1,9
Piedras Negras,9
Sherman,9
Pativilca,9
Colima,9
Kingman,9
Tepic,9
Zacatecas,9
Santa Clara,9
Oak Ridge,9
Columbia1,9
Roswell,9
Puerto Vallarta,9
Muskogee,9
Garzon,9
Montego Bay,9
Poza Rica de Hidalgo,9
Hattiesburg,9
Port Arthur,9
Yuma,9
Conway,9
Chiclayo,9
Salinas1,9
Temple,9
Danville,9
Brunswick,9
Bristol1,9
Prescott,9
Paducah,9
Guasave,9
Gadsden,9
Santa Ana,9
Hot Springs,9
Houma1,9
Valdosta,9
Ibarra,9
Jonesboro,9
Lufkin,9
Goldsboro,9
Ciudad Victoria,9
Pine Bluff,9
Aiken,9
Tamazunchale,9
Lazaro Cardenas,9
Bowling Green1,9
Ensenada,9
Owensboro,9
Ciudad Obregon,9
Coatzacoalcos,9
Santa Maria1,9
Sumter,9
Titusville,9
Visalia,9
Jackson2,9
Tapachula,9
Monclova,9
Camaguey,9
Lawton,9
Pereira,9
Joplin,9
Norman,9
Florence1,9
Greeneville,9
St. George,9
Midland,9
Teziutlan,9
Durango1,9
Anderson,9
Dothan,9
San Angelo,9
Texarkana,9
Odessa1,9
Pueblo,9
San Pedro Sula,9
Alexandria1,9
Abilene,9
Las Cruces,9
Fort Smith1,9
St. Augustine,9
Jacksonville2,9
Killeen,9
Wichita Falls,9
Rock Hill,9
Columbia2,9
Brownsville,9
Tyler,9
Vero Beach,9
Gulfport,9
Murfreesboro,9
Beaumont,9
Ambato,9
Denton,9
Pachuca,9
Monroe,9
Albany1,9
Athens1,9
Tuscaloosa,9
Hickory,9
Villahermosa,9
Fayetteville2,9
Waco,9
Macon,9
Ft. Myers,9
Queretaro,9
Clarksville,9
Lubbock,9
Gainesville,9
Cape Coral,9
Lancaster1,9
Ocala,9
Edinburg,9
Wilmington1,9
Springfield1,9
Asheville,9
Kissimmee,9
Daytona Beach,9
Huntsville2,9
Mobile,9
Columbus1,9
Pensacola,9
Little Rock,9
Fort Pierce,9
Bakersfield,9
Cuernavaca,9
Naples1,9
Palm Springs,9
Fayetteville1,9
Chattanooga,9
Augusta1,9
Ciudad Ju��rez,9
Winston-Salem,9
Wichita,9
Coral Gables,9
Charleston1,9
Oceanside,9
Sarasota,9
San Bernardino,9
Greenville2,9
Zumpango,9
Toluca,9
Fort Lauderdale,9
St. Petersburg1,9
Birmingham1,9
West Palm Beach,9
Charlotte,9
Irvine,9
Pasadena2,9
Puerto Limon,9
Tecoman,9
Guaynas,9
Campeche,9
Pasto,9
La Paz1,9
David,9
Flagstaff,9
Nuevo Laredo,9
Piura,9
Chimbote,9
Manizales,9
Freeport2,9
Nogales,9
Santiago de Cuba,9
Cuenca,9
Matamoros,9
Torreon,9
Hermosillo,9
Santa Barbara2,9
Laredo,9
Amarillo,9
Culiacan,9
Corpus Christi,9
Leon2,9
Savannah,9
Mexicali,9
San Luis Potosi,9
Montgomery,9
Oaxaca,9
Wilmington2,9
Tallahassee,9
Shreveport,9
El Paso,9
Knoxville,9
Fresno,9
Quetzaltenango,9
Baton Rouge,9
Columbia3,9
Tulsa,9
Albuquerque,9
Tucson,9
Austin,9
Jacksonville1,9
Ft. Worth,9
Orlando,9
Belmopan,9
Ica,9
Mazatlan,9
Cancun,9
Santa Fe1,9
Trujillo3,9
Nassau,9
Tuxtla Gutierrez,9
Veracruz,9
Tegucigalpa,9
Tampico,9
Kingston1,9
Managua,9
Acapulco,9
Panama City1,9
Cartagena1,9
Chihuahua,9
New Orleans,9
Medellin,9
Merida,9
Guayaquil,9
Cali,9
San Jose1,9
Memphis,9
Jackson1,9
Havana,9
Quito,9
Tijuana,9
San Salvador,9
Guatemala,9
Puebla,9
San Diego,9
Guadalajara1,9
Monterrey,9
Oklahoma City,9
Raleigh,9
Phoenix,9
Nashville,9
Lima2,9
Las Vegas2,9
San Antonio1,9
Tampa,9
Dallas,9
Houston,9
Miami,9
Mexico City,9
Los Angeles1,9
Atlanta,9
Apodi,10
Lethem,10
Portel,10
Roura,10
Santa Cruz Cabralia,10
Tournavista,10
Quime,10
Sica Sica,10
Barras,10
Sinnamary,10
Brownsweg,10
Quixada,10
Santa Cruz2,10
Saint-Laurent-du-Maroni,10
Urubamba,10
Puquio,10
Santo Tomas,10
Nova Vicosa,10
Sonson,10
San Carlos,10
Portachuelo,10
Ubaitaba,10
Itapecuru Mirim,10
Viacha,10
Caninde,10
Diamantina,10
San Jose del Guaviare,10
Camocim,10
Campo Maior,10
Mollendo,10
Porto Nacional,10
Rosario2,10
Obidos,10
Moengo,10
Jaguaquara,10
Almenara,10
Sao Jose de Ribamar,10
Punata,10
Cristalina,10
Bacabal,10
Neiba,10
Brumado,10
Nanuque,10
Arcoverde,10
Itaberai,10
Juazeiro,10
Russas,10
Arjona,10
Palmeira dos Indios,10
Ceres,10
Linden,10
Campoalegre,10
Morrinhos,10
Sobral,10
Cliza,10
Braganca,10
Alagoinhas,10
Cabo de Santo Agostinho,10
Capanema,10
Valle de la Pascua,10
Guasdualito,10
Inhumas,10
Ipora,10
Sogamoso,10
Itapetinga,10
Estancia,10
Nieuw Nickerie,10
Ayacucho,10
Carora,10
Carupano,10
Ocumare del Tuy,10
San Francisco de Macoris,10
Magangue,10
Villavicencio,10
Barrancabermeja,10
Rio Verde2,10
Iguatu,10
Timon,10
Catalao,10
Valera,10
Santa Ines,10
Los Teques,10
Juliaca,10
Sabanalarga,10
Pirapora,10
Guanare,10
Anaco,10
Itabuna,10
Girardot,10
Valledupar,10
Juazeiro do Norte,10
Barinas,10
La Vega,10
Trindade,10
Quillacollo,10
San Fernando1,10
Puerto la Cruz,10
Varzea Grande,10
Soledad,10
Olinda,10
Campina Grande,10
Carpina,10
Rio Largo,10
Cabimas,10
Jaboatao,10
Basse-terre,10
Bavaro,10
Cameta,10
Iracoubo,10
Saint-Georges2,10
Tonantins,10
Tucano,10
Tucurui,10
Viseu,10
Mato Grosso,10
Principe da Beira,10
San Rafael2,10
Colinas,10
Ipu,10
Orocue,10
Santa Maria da Vitoria,10
Amapa,10
Apolo,10
Caballococha,10
El Dorado2,10
Paracuru,10
Santa Rita,10
Totness,10
Xinguara,10
Acarau,10
Barcelos,10
Baturite,10
El Manteco,10
Grand Turk,10
Granja,10
Xique-Xique,10
Ayaviri,10
Desaguadero,10
Itapipoca,10
Magdalena,10
Viana,10
Aracati,10
Contamana,10
Itambe,10
Anna Regina,10
Coracora,10
Novo Airao,10
Socorro2,10
San Ramon,10
Acu,10
Bartica,10
Puerto Carreno,10
Puerto Lopez,10
Salgueiro,10
San Javier,10
Valenca,10
Monte Cristi,10
San Martin2,10
Altamira,10
Ico,10
Tocantinopolis,10
Itaberaba,10
Manicore,10
Salinopolis,10
Senhor do Bonfim,10
Chapadinha,10
Mabaruma,10
Huancavelica,10
Huanta,10
Juina,10
Kourou,10
Maues,10
Breves,10
Coari,10
Pamplona1,10
Fonte Boa,10
Puerto Berrio,10
Ayapel,10
Caico,10
Obando,10
Bocaiuva,10
Manacapuru,10
Chiquinquira,10
Sicuani,10
Abaetetuba,10
Arauca,10
El Carmen de Bolivar,10
Oriximina,10
Pinheiro,10
Tame,10
Aracuai,10
Crateus,10
Tucupita,10
Moquegua,10
Niquelandia,10
Januaria,10
Barra do Bugres,10
Abancay,10
Paragominas,10
Caracarai,10
Itacoatiara,10
Pires do Rio,10
Pontes e Lacerda,10
Trujillo1,10
Eirunepe,10
Nova Cruz,10
Picos,10
Irece,10
Altagracia de Orituco,10
Araguaina,10
Balsas,10
Zaraza,10
Nasca,10
Sena Madureira,10
Porto Santana,10
Piripiri,10
Mindelo,10
Mineiros,10
New Amsterdam,10
Floriano,10
Puno,10
El Banco,10
Sinop,10
Guantanamo,10
Cienaga,10
Honda,10
Ilheus,10
Itaituba,10
Jequie,10
Porto Seguro,10
Cobija,10
San Carlos del Zulia,10
Arapiraca,10
Duitama,10
Itamaraju,10
Machiques,10
Goianesia,10
San Ignacio,10
Janauba,10
Upata,10
Gurupi,10
Riohacha,10
Paracatu,10
Puerto Maldonado,10
Barahona,10
Tefe,10
Ocana,10
Rolim de Moura,10
Tunja,10
Penedo,10
Barra do Garcas,10
Teofilo Otoni,10
Parnaiba,10
Guanambi,10
Camana,10
Montero,10
Formosa2,10
Barcelona2,10
Jatai,10
La Romana,10
Guajara-Miram,10
Caruaru,10
Calabozo,10
Gonaives,10
San Pedro de Macoris,10
Serrinha,10
Patos,10
Pedreiras,10
Castanhal,10
Santa Marta,10
Christiansted,10
Mossoro,10
Oranjestad,10
Garanhuns,10
Sincelejo,10
Itumbiara,10
Crato,10
San Fernando de Apure,10
Rondonopolis,10
Cumana,10
Coro,10
Ibague,10
Pointe-a-Pitre,10
Maiquetia,10
Imperatriz,10
Acarigua,10
Fort-de-France,10
Arecibo,10
Timbauba,10
Maturin,10
Barreiros,10
Ponce,10
Porlamar,10
Punto Fijo,10
El Tigre,10
Willemstad,10
Ciudad Bolivar,10
Cap-Haitien,10
Anapolis,10
Neiva,10
Cucuta,10
Cochabamba,10
Cuiaba,10
Les Cayes,10
Goiana,10
Barquisimeto,10
Joao Pessoa,10
Aracaju,10
Bucaramanga,10
Mayaguez,10
Alvorada,10
Barreiras,10
Trinidad2,10
Petrolina,10
Sao Luis,10
Huancayo,10
Puerto Ayacucho,10
Iquitos,10
Pucallpa,10
Vitoria da Conquista,10
Montes Claros,10
Porto Velho,10
Barranquilla,10
Teresina,10
Maceio,10
Arequipa,10
Santiago2,10
Natal,10
Macapa,10
Basseterre,10
Saint George�۪s,10
Santa Cruz1,10
Roseau,10
Leticia,10
Castries,10
Kingstown,10
Riberalta,10
Caxias,10
Cruzeiro do Sul,10
Maraba,10
Saint John's,10
Cayenne,10
Vilhena,10
Praia,10
Georgetown1,10
Santarem,10
Hamilton1,10
Ji-Parana,10
Cusco,10
Ciudad Guayana,10
San Cristobal,10
Feira de Santana,10
Boa Vista,10
Paramaribo,10
Bridgetown,10
Port-of-Spain,10
Recife,10
La Paz3,10
Belem,10
Maracaibo,10
Caracas,10
Manaus,10
Valencia1,10
Salvador,10
Port-au-Prince,10
Brasilia,10
Santo Domingo,10
Fortaleza,10
Goiania,10
San Juan1,10
Bogota,10
Al Jaghbub,11
Dirj,11
Bertoua,11
Dibaya,11
Fada,11
Pala,11
Yelimane,11
Koidu,11
Kumo,11
Luebo,11
Chibia,11
El Qasr,11
Ondjiva,11
Dondo2,11
Kambove,11
Koulikoro,11
Oum Hadjer,11
Bosobolo,11
Eseka,11
Libenge,11
Bossembele,11
Kafue,11
Oshikango,11
Bogue,11
Illizi,11
Reggane,11
Tidjikdja,11
El Daba,11
Edea,11
Kimpese,11
Doba,11
Demba,11
Yangambi,11
Businga,11
Waku Kungo,11
Dimbokro,11
Mao,11
Soyo,11
Kati,11
Al Khums,11
Markala,11
Guiglo,11
Sefra,11
Boma,11
Kabalo,11
Gogrial,11
Aketi,11
Al Marj,11
Nkongsamba,11
Foumban,11
Lobito,11
Moanda2,11
Linares2,11
Mamou,11
Goulimine,11
Kapiri Mposhi,11
Birni Nkonni,11
Chililabombwe,11
Ksar El Kebir,11
Muglad,11
Bawku,11
Dabou,11
Uvira,11
Bani Walid,11
Gandajika,11
Kasangulu,11
Laghouat,11
Winneba,11
Marzuq,11
Bolgatanga,11
Beja,11
Loubomo,11
Numan,11
Koforidua,11
Diourbel,11
Ben Gardane,11
San-Pedro,11
Kindu,11
Ragusa,11
Souk Ahras,11
Tiarat,11
Tebessa,11
Sidi bel Abbes,11
Algeciras,11
Korhogo,11
Gafsa,11
Az Zawiyah,11
El Jadida,11
Keffi,11
Ouargla,11
Soubre,11
Hania,11
Mostaganem,11
Thies,11
Qairouan,11
Setif,11
Kitwe,11
Sekondi,11
Calabar,11
Marbella,11
Brikama,11
Ondo,11
Oshogbo,11
Meknes,11
Murcia,11
Ife,11
Oyo,11
Tema,11
Kumbo,11
Kumasi,11
Onitsha,11
Awka,11
Cyangugu,11
Bafoussam,11
Ouidah,11
Nsukka,11
Ado Ekiti,11
Al Bayda,11
I-n-Amenas,11
Bansang,11
Belabo,11
Cacolo,11
Calucinga,11
Djanet,11
Ikela,11
Kalima,11
Kaoma,11
Kariba,11
Kenge,11
Lubutu,11
Ouadda,11
Quipungo,11
Satadougou,11
Selibaby,11
Timbedra,11
Zouar,11
Mizdah,11
Kaniama,11
Boke,11
Cangamba,11
Quibala,11
Abong Mbang,11
Basoko,11
Birao,11
Bongandanga,11
Calulo,11
Kampene,11
Kontcha,11
Ayorou,11
Banamba,11
Biltine,11
Bol,11
Chibemba,11
Dehibat,11
Sokolo,11
Camabatela,11
Caxito,11
Ghadamis,11
Luau,11
Lusanga,11
Mangai,11
Mbe,11
Mongo,11
Muconda,11
Ndende,11
Qaminis,11
Robertsport,11
Sumbe,11
Ati,11
Bukama,11
El Alamein,11
Harper,11
Mbaiki,11
Ndalatando,11
Tshela,11
Zambezi,11
Salum,11
Beni Ounif,11
Moloundou,11
Mwinilunga,11
Nguigmi,11
Nzeto,11
Sibiti,11
Uige,11
Yomou,11
Sitia,11
Boende,11
Cubal,11
Mekambo,11
Tibati,11
Mitzik,11
Goundam,11
Lusambo,11
Gamba,11
Goure,11
Kribi,11
Madaoua,11
Mongomo,11
Nioro du Sahel,11
Greenville3,11
Lubao,11
Zongo,11
Boutilimit,11
Camacupa,11
Lucapa,11
Mushie,11
Ghat,11
Bafia,11
Bolama,11
Timimoun,11
Nchelenge,11
Bolobo,11
Dilolo,11
Djambala,11
Gashua,11
Gaya1,11
Kerouane,11
Aweil,11
Bongor,11
Faranah,11
Kasongo-Lunda,11
Kaya,11
Mbanza-Congo,11
Songo,11
Tillaberi,11
Gharyan,11
Kaga Bandoro,11
Mansa,11
Nalut,11
Ongwediva,11
Bondoukou,11
Diffa,11
Gbadolite,11
Kedougou,11
Kelo,11
Odienne,11
I-n-Salah,11
Banfora,11
Jalingo,11
Kasaji,11
Koulamoutou,11
Mumbwa,11
Mwenga,11
Opobo,11
Sembe,11
Wukari,11
Birak,11
Koko,11
Gbarnga,11
Zouirat,11
Seguela,11
Sibut,11
Makokou,11
Mouila,11
Yendi,11
Lokoja,11
Wum,11
Kiffa,11
Am Timan,11
Ewo,11
Kipushi,11
Zwedru,11
Hun,11
Bria,11
Sassandra,11
Basankusu,11
Smara,11
Bougouni,11
Siguiri,11
Wa,11
Bozoum,11
Inongo,11
Meiganga,11
Mweka,11
Biu,11
Kindia,11
Mbalmayo,11
Nyunzu,11
Cadiz1,11
Cadiz2,11
Dosso,11
Kita,11
Bulungu,11
Hassi Messaoud,11
Idah,11
Ilebo,11
Mossendjo,11
Ferkessedougou,11
Rosso,11
El Bayadh,11
El Golea,11
Babanusa,11
Mazabuka,11
Nara,11
Kandi,11
Ouesso,11
Owando,11
Nola,11
San,11
Makoua,11
Bitam,11
Nkawkaw,11
Siwa,11
Solwezi,11
Ad Dakhla,11
Kabinda,11
Berekum,11
Fria,11
Grand Bassam,11
Kongolo,11
Mopti,11
Sarh,11
Kawambwa,11
Nguru,11
Owo,11
Carnot,11
Dundo,11
Bondo,11
Djougou,11
Larache,11
Saurimo,11
El Kef,11
Natitingou,11
Kontagora,11
Manono,11
En Nuhud,11
Makeni,11
Tambacounda,11
Bama,11
Oyem,11
Ajdabiya,11
Darnah,11
Macenta,11
Tenkodogo,11
Luena,11
Tindouf,11
Mango,11
Louga,11
Ngaoundere,11
Sikasso,11
Kolda,11
Ouahigouya,11
Tan Tan,11
Bafata,11
Buchanan,11
Tozeur,11
Wamba,11
Marsala,11
Iwo,11
Bafang,11
Qasserine,11
Tiznit,11
Kamsar,11
Bangassou,11
Buta,11
Faro,11
Lorca,11
Ho,11
Lambarene,11
Azare,11
Batouri,11
Eyumojok,11
Kenema,11
Cabinda,11
Koutiala,11
Sokode,11
Kamina,11
Surt,11
Lisala,11
Ja̩n,11
Kissidougou,11
Kuito,11
Iseyin,11
Bouar,11
Oturkpo,11
Tubruq,11
Potiskum,11
Yambio,11
Bossangoa,11
Taza,11
Arrecife,11
Gibraltar,11
Adrar,11
Settat,11
Choma,11
Bata,11
Limbe,11
Mongu,11
Agboville,11
Huelva,11
Matruh,11
Ziguinchor,11
Mbanza-Ngungu,11
Saint-Louis,11
Daloa,11
Saida2,11
Ouezzane,11
Labe,11
Birnin Kebbi,11
Touggourt,11
Bo,11
Tshikapa,11
Kpalime,11
Koudougou,11
Man,11
Bida,11
Mascara,11
Melilla,11
Almeria,11
Berberati,11
Djelfa,11
Guider,11
Gagnoa,11
Abengourou,11
Mwene-Ditu,11
Nabeul,11
El Fasher,11
Batna,11
Gemena,11
Chingola,11
Zarzis,11
Medea,11
Kalamata,11
Er Rachidia,11
Biskra,11
Likasi,11
Cartagena2,11
El Oued,11
Iraklio,11
Siracusa,11
Portimao,11
Bizerte,11
Kabwe,11
Gombe,11
Cape Coast,11
Gusau,11
Funchal,11
Minna,11
Tlimcen,11
Ndola,11
Bechar,11
Tamale,11
Santa Cruz de Tenerife,11
Bukavu,11
Malaga,11
Bauchi,11
Lafia,11
Obuasi,11
Bouira,11
Kumba,11
Gabes,11
Zaria,11
Isiro,11
Skikda,11
Kenitra,11
Granada2,11
Agadir,11
Alicante,11
Douala,11
Moanda1,11
Funtua,11
Tangier,11
Ijebu Ode,11
Sfax,11
Benin City,11
Beni,11
Bejaia,11
Mubi,11
Abeokuta,11
Ilorin,11
Yola,11
Sapele,11
Aba,11
Chlef,11
Jos,11
Abomey,11
Ikare,11
Orlu,11
Katsina,11
Kasongo,11
Ayounel el Atrous,11
Kaedi,11
Zuwarah,11
Bambari,11
Ebolowa,11
Namibe,11
Kayes1,11
Banguela,11
Al Jawf,11
Kalemie,11
Nouadhibou,11
Segou,11
Gao,11
Laayoune,11
Kayes2,11
Atakpame,11
Bandundu,11
Geneina,11
Tahoua,11
Franceville,11
Luanshya,11
Mufulira,11
Moundou,11
Kankan,11
Parakou,11
Malanje,11
Nzerekore,11
Kaolack,11
Lubango,11
Garoua,11
Mbandaka,11
Safi,11
Las Palmas,11
Yamoussoukro,11
Maradi,11
Misratah,11
Oujda,11
Bobo Dioulasso,11
Bouake,11
Butembo,11
Pointe-Noire,11
Cordoba2,11
Sousse,11
Ogbomosho,11
Makurdi,11
Annaba,11
Constantine,11
Kisangani,11
Kananga,11
Maiduguri,11
Mbuji-Mayi,11
Abuja,11
Catania,11
Porto-Novo,11
Kaduna,11
Bamenda,11
Ibadan,11
Warri,11
Port Harcourt,11
Goma,11
Malabo,11
Djenne,11
Ndele,11
Obo,11
Banjul,11
Matadi,11
Atar,11
Abeche,11
Tamanrasset,11
Bumba,11
Timbuktu,11
Port-Gentil,11
Menongue,11
Ghardaia,11
Kikwit,11
Sabha,11
Wau,11
Agadez,11
Sao Tome,11
Kolwezi,11
Zinder,11
Huambo,11
Maroua,11
Bissau,11
Freetown,11
Niyala,11
Ndjamena,11
Bangui,11
Banghazi,11
Nouakchott,11
Valletta,11
Libreville,11
Lubumbashi,11
Fez,11
Niamey,11
Monrovia,11
Brazzaville,11
Bamako,11
Lusaka,11
Conakry,11
Cotonou,11
Tripoli1,11
Yaounde,11
Marrakesh,11
Ouagadougou,11
Luanda,11
Seville,11
Dakar,11
Palermo,11
Oran,11
Sokoto,11
Lome,11
Kinshasa,11
Rabat,11
Casablanca,11
Accra,11
Abidjan,11
Tunis,11
Kigali,11
Algiers,11
Lagos,11
Bujumbura,11
Enugu,11
Kano,11
Manyoni,12
Nimule,12
Mandali,12
Besalampy,12
Geita,12
Buurhakaba,12
Maridi,12
Mpwapwa,12
Masindi-Port,12
Babati,12
Ambanja,12
Ali Sabih,12
Izaz,12
Agordat,12
Alayat Samail,12
Jijiga,12
Hakkari,12
Ambatondrazaka,12
Mongbwalu,12
Ash Shihr,12
Maroantsetra,12
Gimbi,12
Ngara,12
Dawmat al Jandal,12
Chabahar,12
Al Ahmadi,12
Kericho,12
Mandera,12
Chitipa,12
Pol-e Khomri,12
Tessenei,12
Al Quwayiyah,12
Sennar,12
EdDamer,12
Shahrud,12
Umm al Qaywayn,12
Jamaame,12
Umm Ruwaba,12
Machakos,12
Buzmeyin,12
Nekemte,12
El Kharga,12
Parachinar,12
Karokh,12
Hurghada,12
As Salt,12
Tejen,12
Berber,12
Varamin,12
Eldama Ravine,12
Madinat ath Thawrah,12
Al Qamishli,12
Nusaybin,12
Ammochostos,12
El Arish,12
Manbij,12
Nanyuki,12
Ash Shatrah,12
Kahama,12
Idlib,12
El Manaqil,12
Al Musayyib,12
Al Hasakah,12
Masjed Soleyman,12
Nkhata Bay,12
Mityana,12
Qal at Bishah,12
Zanjan,12
Sanandaj,12
Al Jahra,12
Ad Diwaniyah,12
Neyshabur,12
Yanbu al Bahr,12
Bojnurd,12
Kashmar,12
Sheberghan,12
Al Mubarraz,12
Beer Sheva,12
Pakwach,12
Hagere Hiywet,12
Ar Ramadi,12
Sanliurfa,12
Hospet,12
Kasulu,12
Az Aubayr,12
Al-Qatif,12
Najran,12
Salalah,12
Isna,12
Kom Ombo,12
Sotik,12
At Taif,12
Shinyanga,12
Az Zarqa,12
Orumiyeh,12
Jinja,12
Al Khalil,12
Anuradhapura,12
Parbhani,12
Kurnool,12
Sholapur,12
Dhamar,12
Karimnagar,12
Saida1,12
Samalut,12
El Minya,12
Al Ladhiqiyah,12
Az Zahran,12
Nizamabad,12
Kohat,12
Icel,12
Duma,12
Ajmer,12
Mirput Khas,12
Chirala,12
Damanh��r,12
Qurghonteppa,12
Sharjah,12
Bhiwandi,12
Dumyat,12
Adi Ugri,12
El Mansura,12
Irbid,12
Tirunelveli,12
Sopur,12
Tiruppur,12
Bhusawal,12
Badulla,12
Hisar,12
Kalyan,12
Abbottabad,12
Moratuwa,12
Girga,12
Sangli,12
Shashemene,12
Mansehra,12
Nazret,12
Galle,12
Cyangugu,12
Debre Birhan,12
Nyanza,12
Hoshiarpur,12
Rahimyar Khan,12
Ibb,12
Kisii,12
Hapur,12
Ruhengeri,12
Kakamega,12
Guntur,12
Bungoma,12
Ghaziabad,12
Karur,12
Hathras,12
Cuddalore,12
Gitarama,12
Mathura,12
Sonipat,12
Rohtak,12
Chiniot,12
Ambala,12
Yirga Alem,12
Vadodara,12
Firozabad,12
Butare,12
Gitega,12
Thanjavur,12
Bhiwani,12
Vellore,12
Sialkote,12
Pilibhit,12
Mardan,12
Muzaffarnagar,12
Kumbakonam,12
Sheikhu Pura,12
Bulandshahr,12
Gurgaon,12
Gujrat,12
Moradabad,12
Budaun,12
Faisalabad,12
Rajahmundry,12
Sitapur,12
Sahiwal,12
Allahabad,12
Bamian,12
Bagamoyo,12
Chinsali,12
Chiramba,12
Eyl,12
Kaabong,12
Kanyato,12
Karungu,12
Katwe,12
Kibiti,12
Lamu,12
Mirbat,12
Moroto,12
Navsari,12
Nyimba,12
Tsavo,12
Tunduru,12
Witu,12
Mubende,12
Namanga,12
Same,12
Soroti,12
Gwadar,12
Hadiboh,12
Maintirano,12
Mandritsara,12
Obock,12
Rumbek,12
Sikonge,12
Antsohihy,12
Garoowe,12
Itigi,12
Qasr-e Shirin,12
Beledweyne,12
Lundazi,12
Melut,12
Merowe,12
Yei,12
Bur Safaga,12
Marovoay,12
Mpika,12
El Tur,12
Boosaaso,12
Kitgum,12
Moba,12
Mocambique,12
Dzaoudzi,12
Dembi Dolo,12
Voi,12
Al Qunaytirah,12
Mwingi,12
Nzega,12
Kapoeta,12
Antalaha,12
As Sulayyil,12
Lindi,12
Nagele,12
Ar Rutbah,12
Asosa,12
Karema,12
Andoany,12
Mbala,12
Al Wajh,12
Feyzabad,12
Kilindoni,12
Goba,12
Bati,12
Bijar,12
Jawhar,12
Tadmur,12
Mbulu,12
Watsa,12
Khorugh,12
Tokar,12
Kasama,12
Marrupa,12
Gaalkacyo,12
Marsabit,12
Uvinza,12
Wadi Halfa,12
Moyale,12
Njombe,12
Zhob,12
Kismaayo,12
Moyo,12
Naivasha,12
Sur,12
Sambava,12
Wajir,12
Baydhabo,12
Dolo Bay,12
Ad Nabk,12
Masasi,12
Singida,12
Mikumi,12
Pathankot,12
Mahabad,12
Mardin,12
Kakonko,12
Kilis,12
Zahle,12
Saywun,12
Embu,12
Biharamulo,12
Garissa,12
Torbat-e Jam,12
Kaka,12
Rafha,12
Montepuez,12
Atamyrat,12
Saveh,12
Tunduma,12
Ed Dueim,12
Massawa,12
Nizwa,12
Tall Afar,12
Karonga,12
Songea,12
Gilgit,12
Ifakara,12
Aksum,12
Rida,12
Burco,12
Fasa,12
Thika,12
Lodwar,12
Angoche,12
Arar,12
Al Fallujah,12
As Suwayda,12
Sumbawanga,12
Asela,12
Behbehan,12
Boorama,12
Ilam,12
Al Mukalla,12
Debre Markos,12
Zakho,12
Gardiz,12
Maragheh,12
Tikrit,12
Jizan,12
Qomsheh,12
Ed Damazin,12
Semnan,12
Al Fujayrah,12
Iringa,12
Valparai,12
Sabzewar,12
Atbara,12
Arba Minch,12
Malindi,12
Bunia,12
Chake Chake,12
Al Kut,12
Quchan,12
Kosti,12
Farah,12
Adigrat,12
Cuamba,12
Kadugli,12
Birjand,12
Tanga,12
Abha,12
Al Jubayl,12
Kitale,12
Chipata,12
Bandar-e Bushehr,12
Turbat,12
Ar Raqqah,12
Shendi,12
Kilosa,12
Lahij,12
Tabora,12
Lichinga,12
Andkhvoy,12
Qazvin,12
Bururi,12
Mtwara,12
Rashid,12
Gonbad-e Kavus,12
Abadan,12
Al Hufuf,12
Zahedan,12
Gedaref,12
Nazareth,12
Hafar al Batin,12
As Sulaymaniyah,12
Toamasina,12
Bijapur,12
Dayr az Azwr,12
Karbala,12
Harar,12
Qena,12
An Nasiriyah,12
Al Kharj,12
As Samawah,12
Ardabil,12
Musoma,12
Tonk,12
Ras al Khaymah,12
Al Amarah,12
Khoramabad,12
Entebbe,12
Dese,12
Lemosos,12
Al Karak,12
Samandagi,12
Arak,12
Abu Kamal,12
Irbil,12
Hail,12
Hindupur,12
Nandyal,12
Tuticorin,12
Zabol,12
Kolar,12
Kerman,12
Baqubah,12
Amol,12
Sari,12
Davangere,12
Suhar,12
Dezful,12
Ghazni,12
Gaziantep,12
Qom,12
Bikaner,12
Al Hudaydah,12
Raichur,12
Kermanshah,12
Ongole,12
Pali,12
Buraydah,12
Sadah,12
Proddatur,12
Nakuru,12
Gorgan,12
Iskenderun,12
Kendu Bay,12
Termiz,12
Porbandar,12
Kilifi,12
Burhanpur,12
Medani,12
Bhilwara,12
Sagar,12
Bidar,12
Tumkur,12
Hamah,12
Lira,12
Al Hillah,12
Bukoba,12
Beni Suef,12
Ad Damman,12
Hims,12
Baghlan,12
Rasht,12
Latur,12
Kisumu,12
Ahmednagar,12
Mandya,12
Nablus,12
Nkhotakota,12
Tarsus,12
Zabid,12
Ismailia,12
Haifa,12
Ratlam,12
Mangochi,12
Rajkot,12
Amravati,12
Al Ayn,12
Bhavnagar,12
Dhule,12
Tukuyu,12
Khammam,12
Meymaneh,12
Udaipur,12
Hatay,12
Bellary,12
Hubli,12
Ujjain,12
Kondoz,12
Jaffna,12
Rajapalaiyam,12
Giyon,12
Chandrapur,12
Khomeini Shahr,12
Beni Mazar,12
Beni,12
Trablous,12
Baramula,12
Salima,12
Shimoga,12
Belgaum,12
Kilinochchi,12
Hajjah,12
Balkh,12
Gwalior,12
Mbale,12
Matara,12
Mallawi,12
Aurangabad2,12
Jalalabad,12
Dera Ismail Khan,12
Mbarara,12
Kabale,12
Malegaon,12
Jhansi,12
Tartus,12
Dehra Dun,12
Karaj,12
Bannu,12
Sirsa,12
Nagercoil,12
Nellore,12
Arua,12
Sohag,12
Moshi,12
Warangal,12
Sikar,12
El Giza,12
Tirupati,12
Tororo,12
Sadiqabad,12
Charikar,12
Nawabshah,12
Zomba,12
Abohar,12
Machilipatnam,12
Kundian,12
Dila,12
Saidu,12
Nasik,12
Jima,12
Masaka,12
Dindigul,12
Byumba,12
Kakinada,12
Alwar,12
Nepalganj,12
Vijayawada,12
Dera Ghazi Khan,12
Bharatpur,12
Tanta,12
Muyinga,12
Agra,12
Gujranwala,12
Chandigarh,12
Bareilly,12
Panipat,12
Quilon,12
Rampur,12
Allappey,12
Gandhinagar,12
Sukkur,12
Tiruvannamalai,12
Salem3,12
Jullundur,12
Meerut,12
Cochin,12
Karnal,12
Jhang,12
Jammu,12
Kasur,12
Bahawalpur,12
Sodo,12
Sargodha,12
Kanchipuram,12
Aligarh,12
Rawalpindi,12
Patiala,12
Hosaina,12
Okara,12
Etawah,12
Bahraich,12
Fatehpur,12
Shahjahanpur,12
Kozhikode,12
Faizabad,12
Hamadan,12
Mahajanga,12
Berbera,12
Assab,12
Malakal,12
Antsiranana,12
Juba,12
Mekele,12
Arusha,12
Tete,12
Bur Said,12
Morogoro,12
Hargeysa,12
Dire Dawa,12
Bahir Dar,12
Pemba,12
El Obeid,12
Dodoma,12
Bandar-e-Abbas,12
Aswan,12
Gulu,12
El Suweis,12
Mzuzu,12
Mazar-e Sharif,12
Gaza,12
Butembo,12
Tabuk,12
Mary,12
Kirkuk,12
Yazd,12
Nampula,12
Eldoret,12
Gulbarga,12
Tabriz,12
An Najaf,12
Quetta,12
Basra,12
Mosul,12
Medina,12
Herat,12
Akola,12
Kota,12
Ahwaz,12
Aleppo,12
El Faiyum,12
Mashhad,12
Mangalore,12
Nanded,12
Omdurman,12
Jabalpur,12
Mysore,12
Asyut,12
Mwanza,12
Jeddah,12
Tel Aviv-Yafo,12
Jodhpur,12
Kolhapur,12
Goma,12
Raipur,12
Indore,12
Trivandrum,12
Pondicherry,12
Kotte,12
Meru,12
Blantyre,12
Taizz,12
Tiruchchirappalli,12
Kandy,12
Srinagar,12
Saharanpur,12
Larkana,12
Ludhiana,12
Lucknow,12
Male,12
Dongola,12
Victoria4,12
Aden,12
Gonder,12
Djibouti,12
Mbeya,12
Kassala,12
Moroni,12
Port Sudan,12
Zanzibar,12
Asmara,12
Abu Dhabi,12
Mogadishu,12
Muscat,12
Ashgabat,12
Nacala,12
Nicosia,12
Sanaa,12
Luxor,12
Manama,12
Shiraz,12
Isfahan,12
Dar es Salaam,12
Makkah,12
Jerusalem,12
Kuwait,12
Doha,12
Kandahar,12
Mombasa,12
Bhopal,12
Khartoum,12
Alexandria3,12
Amman,12
Kampala,12
Beirut,12
Coimbatore,12
Addis Ababa,12
Tehran,12
Damascus,12
Nagpur,12
Baghdad,12
Kabul,12
Kigali,12
Delhi,12
Nairobi,12
Karachi,12
Islamabad,12
Hyderabad2,12
Riyadh,12
Pune,12
Colombo,12
Hyderabad1,12
Bujumbura,12
Lilongwe,12
Peshawar,12
Surat,12
Jaipur,12
Chennai,12
Ahmadabad,12
Lahore,12
Bangalore,12
Madurai,12
Amritsar,12
Multan,12
Kanpur,12
Dubayy,12
Mumbai,12
New Delhi,12
Cairo,12
Danjiangkou,13
Sanming,13
Phayao,13
Kualakapuas,13
Thongwa,13
Eumseong,13
Si Racha,13
Makale,13
Bua Yai,13
Padangpanjang,13
Zixing,13
Aranyaprathet,13
Ende,13
Hon Quan,13
Luwuk,13
Yaynangyoung,13
Juifang,13
Loei,13
Wakema,13
Pakxe,13
Narathiwat,13
Kanoya,13
Tongren,13
Kompong Chhnang,13
Padangsidempuan,13
Tanjungkarang-Telubketung,13
Lahad Datu,13
Ozamis,13
Tak,13
Gangtok,13
Hong Gai,13
Shwebo,13
Perabumulih,13
Tacloban,13
Nakhon Phanom,13
Teluk Intan,13
Tidore,13
Gyeongju,13
Pakokku,13
Surin,13
Tengchong,13
Mawlamyine,13
Butuan,13
Batu Pahat,13
Keluang,13
San Pablo,13
Sawahlunto,13
Kon Tum,13
Banyuwangi,13
Sibu,13
Phan Rang,13
Taiping,13
Udon Thani,13
Monywa,13
Pangkalpinang,13
Huangyan,13
Tebingtinggi,13
Panzhihua,13
Muar,13
Tan An,13
Linhai,13
Chuxiong,13
Lop Buri,13
Denpasar,13
Cagayan de Oro,13
Lhokseumawe,13
Iksan,13
Shimonoseki,13
Pinrang,13
Letpadan,13
Lampang,13
Samarinda,13
Dong Hoi,13
Mengzi,13
Seremban,13
Nakhon Si Thammarat,13
Shiyan,13
Martapura,13
Hat Yai,13
Phan Thiet,13
Masan,13
Mataram,13
Raurkela,13
Kota Kinabalu,13
Hetauda,13
Olongapo,13
Linxia,13
Cheongju,13
Pingtung,13
Fengshan,13
Johor Bahru,13
Naga,13
Okayama,13
Ca Mau,13
Zhuzhou,13
Bacolod,13
Lalitpur,13
Yangquan,13
Changhua,13
Nonthaburi,13
Pathum Thani,13
Zhucheng,13
Yichang,13
Hsinchu,13
Butterworth,13
Zhenjiang,13
Shashi,13
Soc Trang,13
Chungli,13
Samut Prakan,13
Son Tay,13
Long Xuyen,13
Xinyu,13
Pasuruan,13
Pakalongan,13
Bien Hoa,13
Yuanlin,13
Anlu,13
Chau Doc,13
Yangzhou,13
Huizhou,13
Magelang,13
Dali1,13
Narayanganj,13
Bac Giang,13
Foshan,13
Jorhat,13
Chaozhou,13
Anyang,13
Jiaozuo,13
Shenzhen,13
Cirebon,13
Changzhou,13
Mojokerto,13
Tianmen,13
Hengshui,13
Haora,13
Taian,13
Bhubaneshwar,13
Bekasi,13
Madiun,13
Xinyi,13
Agartala,13
Luohe,13
Rajahmundry,13
Kaifeng,13
Sylhet,13
Tangail,13
Deyang,13
Zigong,13
Barddhaman,13
Allahabad,13
Shaowu,13
Gingoog,13
Labutta,13
Tarutung,13
Vizianagaram,13
Huize,13
Amahai,13
Xiangkhoang,13
Namtu,13
Thung Song,13
Palopo,13
Lijiang,13
Guide,13
Kununurra,13
Kyaukphyu,13
Tagum,13
Baubau,13
Uthai Thani,13
Sungaipenuh,13
Waingapu,13
Cam Ranh,13
Pursat,13
Krong Koh Kong,13
Sorong,13
Ha Giang,13
Takeo,13
Pingxiang1,13
Phyarpon,13
Pyu,13
Cadiz1,13
Cadiz2,13
Yandoon,13
Poso,13
Hua Hin,13
Sukhothai,13
Myeik,13
Calbayog,13
Khammouan,13
Lahat,13
Hoa Binh,13
Allanmyo,13
Sisophon,13
Lao Chi,13
Raub,13
Pyay,13
Watampone,13
Roxas,13
Ruteng,13
Singkawang,13
Surigao,13
Ye,13
Tanjungpinang,13
Prachin Buri,13
Cam Pha,13
Pathein,13
Chauk,13
Sisaket,13
Sampit,13
Changting,13
Saraburi,13
Buriram,13
Songkhla,13
Dawei,13
My Tho,13
Yishan,13
Fuan,13
Andong,13
Nanping,13
Port Blair,13
Minxian,13
Lishui,13
Kampot,13
Jinchang,13
Rayong,13
Chenzhou,13
Savannakhet,13
Louangphrabang,13
Sakhon Nakhon,13
Yala,13
Quang Tri,13
Mae Sot,13
Simao,13
Chumphon,13
Chaiyaphum,13
Puerto Princesa,13
Kampong Cham,13
Magway,13
Chukai,13
Aizawl,13
Shaoyang,13
Chanthaburi,13
Taungoo,13
Wenshan,13
Ratchaburi,13
Myingyan,13
Bintulu,13
Kuantan,13
Trang,13
Nakhon Sawan,13
Mokpo,13
Hinthada,13
Chiang Rai,13
Palangkaraya,13
Vung Tau,13
Play Ku,13
Myitkyina,13
Phetchaburi,13
Uttaradit,13
Bago,13
Batticaloa,13
Sandakan,13
Jeju,13
Saseba,13
Tawau,13
Matsue,13
Phuket,13
Pingliang,13
Nan,13
Kure,13
Pagadian,13
Manado,13
Taitung,13
Kendari,13
Yunxian,13
Dibrugarh,13
Cotabato,13
Ayutthaya,13
Mudon,13
Bengkulu,13
Pematangsiantar,13
Nha Trang,13
Linchuan,13
Miri,13
Fengjie,13
Iligan,13
Da Lat,13
Lianxian,13
Ninde,13
Longyan,13
Gunsan,13
Nong Khai,13
Ha Tinh,13
Ormac,13
Salatiga,13
Kuta,13
Phitsanulok,13
Phrae,13
Maumere,13
Hualien,13
Batangas,13
Dali2,13
Puqi,13
Ubon Ratchathani,13
Singaraja,13
Xingyi,13
Legazpi,13
Tongchuan,13
Zhijiang,13
Yeosu,13
Jingdezhen,13
Kagoshima,13
Chon Buri,13
Jeonju,13
Hancheng,13
Meizhou,13
Pohang,13
Xiamen,13
Sibolga,13
Oita,13
Jian,13
Xichang,13
Anqing,13
Kuala Terengganu,13
Sambalpur,13
Pakanbaru,13
Pontianak,13
Xinzhou,13
Jambi,13
Buon Me Thuot,13
Ipoh,13
Yuxi,13
Khon Kaen,13
Shishou,13
Heyuan,13
Tongling,13
Jiujiang,13
Tungkang,13
Matsuyama,13
Sungai Petani,13
Qinzhou,13
Maanshan,13
Liuzhou,13
Ulsan,13
Vinh,13
Shillong,13
Longxi,13
Haikou,13
Alor Setar,13
Guangyuan,13
Kumamoto,13
Macau,13
Zicheng,13
Kota Baharu,13
Naha,13
Beihai,13
Majene,13
Laiyang,13
Qingyuan,13
Malacca,13
Rach Gia,13
Qui Nhon,13
Viet Tri,13
Zhanyi,13
Yongzhou,13
Zhaoqing,13
Zhaotang,13
Bilaspur,13
Daegu,13
Palu,13
Quang Ngai,13
Guangshui,13
Ganzhou,13
Tainan,13
Yangjiang,13
Thai Nguyen,13
Bac Lieu,13
Binjai,13
Jamshedpur,13
Kitakyushu,13
Kelang,13
Zhangzhou,13
Changde,13
Jincheng,13
Shangrao,13
Jiaojing,13
Hue,13
Yuci,13
Can Tho,13
Wuhu,13
Imphal,13
Jinshi,13
Mirzapur,13
Puri,13
Quzhou,13
Bukittinggi,13
Rizhao,13
Suwon,13
Yantai,13
Taichung,13
Anshun,13
Xiangtan,13
Chiai,13
Hefei,13
Wanxian,13
Putian,13
Jingmen,13
Tasikmalaya,13
Luan,13
Changzhi,13
Xinyang,13
Hebi,13
Fengcheng,13
Linfen,13
Pingyi,13
Yaan,13
Pingdu,13
Kakinada,13
Probolinggo,13
Shaoxing,13
Tarlac,13
Cangzhou,13
Bogor,13
Brahmapur,13
Angeles,13
Hanzhong,13
Nepalganj,13
Zunyi,13
Praya,13
Sukabumi,13
Kediri,13
Laiwu,13
Cilacap,13
Jiexiu,13
Ninh Binh,13
Nangong,13
Huzhou,13
Yibin,13
Suzhou,13
Jember,13
Buizhou,13
Silchar,13
Sumenep,13
Blitar,13
Tegal,13
Xinxiang,13
Thanh Hoa,13
Serang,13
Yiyang,13
Bengbu,13
Xiantao,13
Wuxi,13
Yishui,13
Dagupan,13
Aurangabad1,13
Cabanatuan,13
Baoji,13
Xiaogan,13
Weinan,13
Yogyakarta,13
Indramayu,13
Tezpur,13
Maoming,13
Jiangmen,13
Dezhou,13
Xiangtai,13
Jiaxing,13
Haldia,13
Shuyang,13
Pati,13
Baleshwar,13
Hechi,13
Nam Dinh,13
Weifang,13
Tuban,13
Zaozhuang,13
Bhatpara,13
Linqing,13
Jamalpur,13
Huangshi,13
Dengzhou,13
Baoding,13
Pabna,13
Xuzhou,13
Zibo,13
Dingzhou,13
Xuchang,13
Jessore,13
Kotabumi,13
Leshan,13
Barisal,13
Bahraich,13
Pingdingshan,13
Fatehpur,13
Gaya2,13
Krishnanagar,13
Nanyang,13
Medinipur,13
Liaocheng,13
Heze,13
Comilla,13
Shanxian,13
Puyang,13
Siliguri,13
Alipur Duar,13
Jining2,13
Biratnagar,13
Luoyang,13
Langzhong,13
Nantong,13
Lianyungang,13
Luzhou,13
Rangpur,13
Huaibei,13
Mymensingh,13
Taizhou,13
Fuyang,13
Saidpur,13
Faizabad,13
Zhoukou,13
Dhanbad,13
Shangqiu,13
Purnia,13
Jieshou,13
Neijiang,13
Birganj,13
Nawabganj,13
Nanchong,13
Muzaffarpur,13
Gorakhpur,13
Fulin,13
Xigaze,13
Katherine,13
Tanjungpandan,13
Sittwe,13
Gejiu,13
Ternate,13
Ambon,13
Siem Reap,13
Parepare,13
Yulin2,13
Golmud,13
Sanya,13
Battambang,13
Surat Thani,13
Bose,13
Balikpapan,13
Kuching,13
Keelung,13
Kochi,13
Raba,13
Wuzhou,13
Bandar Lampung,13
Miyazaki,13
George Town2,13
Nakhon Ratchasima,13
Kupang,13
Zamboanga,13
Mandalay,13
Baoshan,13
Zhanjiang,13
Laoag,13
Banda Aceh,13
Chiang Mai,13
Gorontalo,13
Weihai,13
Shaoguan,13
Daejeon,13
Tianshui,13
Lupanshui,13
Gwangju,13
Da Nang,13
Wuwei,13
General Santos,13
Guwahati,13
Busan,13
Putrajaya,13
Houma2,13
Ankang,13
Fukuoka,13
Jinhua,13
Yueyang,13
Pasay City,13
Raipur,13
Ningbo,13
Hengyang,13
Ranchi,13
Yulin1,13
Quezon City,13
Macheng,13
Wenzhou,13
Qingdao,13
Malang,13
Haiphong,13
Xiangfan,13
Quanzhou,13
Khulna,13
Linyi,13
Surakarta,13
Cuttack,13
Handan,13
Shijianzhuang,13
Rajshahi,13
Jinan,13
Mianyang,13
Lucknow,13
Huaiyin,13
Chengdu,13
Bhagalpur,13
Dili,13
Yinchuan,13
Tarakan,13
Thimphu,13
Lhasa,13
Darwin,13
Baguio City,13
Naypyidaw,13
Nagasaki,13
Bandjarmasin,13
Bandar Seri Begawan,13
Pingxiang2,13
Padang,13
Kaohsiung,13
Vientiane,13
Xining,13
Kathmandu,13
Fuzhou,13
Lanzhou,13
Hiroshima,13
Cebu,13
Palembang,13
Davao,13
Nanning,13
Guiyang,13
Rangoon,13
Guilin,13
Kunming,13
Phnom Penh,13
Nanjing,13
Taiyuan,13
Surabaya,13
Ho Chi Minh City,13
Changsha,13
Iloilo,13
Medan,13
Hangzhou,13
Visakhapatnam,13
Nanchang,13
Semarang,13
Tianjin,13
Huainan,13
Ujungpandang,13
Bandung,13
Chittagong,13
Wuhan,13
Calcutta,13
Hanoi,13
Guangzhou,13
Zhengzhou,13
Dhaka,13
Shantou,13
Chongqing,13
Kanpur,13
Patna,13
Xian,13
Varanasi,13
Manila,13
Hong Kong,13
Singapore,13
Taipei,13
Kuala Lumpur,13
Bangkok,13
New Delhi,13
Seoul,13
Jakarta,13
Beijing,13
Shanghai,13
Hoskins,14
Mendi,14
Kavieng,14
Atherton,14
Timika,14
Capitol Hill,14
Takamatsu,14
Otsu,14
Tokushima,14
Utsunomiya,14
Okayama,14
Kawasaki,14
Maebashi,14
Hachioji,14
Kawagoe,14
Abau,14
Wewak,14
Port Douglas,14
Kieta,14
Sohano,14
Alotau,14
Nabire,14
Luganville,14
Innisfail,14
Popondetta,14
Maizaru,14
Manokwari,14
Merauke,14
Madang,14
Biak,14
Tottori,14
Agana,14
Fukui,14
Matsumoto,14
Mito,14
Shizuoka,14
Wakayama,14
Kofu,14
Tsu,14
Hamamatsu,14
Gifu,14
Yokohama,14
Kobe,14
Rabaul,14
Jayapura,14
Goroka,14
Mt. Hagen,14
Lae,14
Cairns,14
Nagano,14
Kyoto,14
Nagoya,14
Palikir,14
Majuro,14
Melekeok,14
Tarawa,14
Honiara,14
Port Moresby,14
Osaka,14
Tokyo,14
Neiafu,15
Rarotonga,15
Nukualofa,15
