city,SurfaceFile
Aalborg,4
Aarhus,4
Aba,4
Abadan,4
Abaetetuba,3
Abai,3
Abakan,5
Abancay,2
Abau,6
Abaza,5
Abbottabad,5
Abeche,4
Abengourou,3
Abeokuta,4
Aberdeen1,2
Aberdeen2,1
Aberdeen3,3
Abha,4
Abidjan,3
Abilene,2
Abohar,5
Abomey,4
Abong Mbang,4
Abra Pampa,2
Abu Dhabi,4
Abu Kamal,4
Abuja,4
Acapulco,2
Acarau,3
Acarigua,2
Acatlan,2
Accra,3
Accra,4
Achinsk,5
Acu,3
Ad Dakhla,3
Ad Damman,4
Ad Diwaniyah,4
Ad Nabk,4
Adana,4
Adapazari,4
Addis Ababa,4
Adelaide,6
Aden,4
Adi Ugri,4
Adigrat,4
Adiyaman,4
Ado Ekiti,4
Adrar,3
Afyon,4
Agadez,4
Agadir,3
Agana,6
Agartala,5
Agboville,3
Agen,4
Agordat,4
Agra,5
Agri,4
Agrinio,4
Agua Prieta,2
Aguascalientes,2
Ahar,4
Ahmadabad,5
Ahmednagar,5
Ahwaz,4
Aigua,3
Aiken,2
Aiquile,2
Aix-en-Provence,4
Aizawl,5
Ajaccio,4
Ajdabiya,4
Ajmer,5
Aketi,4
Akhtubinsk,4
Akita,6
Akola,5
Akron,2
Aksu,5
Aksum,4
Akureyi,3
Al Ahmadi,4
Al Amarah,4
Al Ayn,4
Al Bayda,4
Al Fallujah,4
Al Fujayrah,4
Al Hasakah,4
Al Hillah,4
Al Hudaydah,4
Al Hufuf,4
Al Jaghbub,4
Al Jahra,4
Al Jawf,4
Al Jubayl,4
Al Karak,4
Al Khalil,4
Al Kharj,4
Al Khums,4
Al Kut,4
Al Ladhiqiyah,4
Al Marj,4
Al Mubarraz,4
Al Mukalla,4
Al Musayyib,4
Al Qamishli,4
Al Qunaytirah,4
Al Quwayiyah,4
Al Wajh,4
Al-Qatif,4
Alagoinhas,3
Alajuela,2
Alamogordo,2
Alapayevsk,5
Alatyr,4
Alayat Samail,4
Albacete,3
Albany1,2
Albany2,2
Albany3,1
Albany4,5
Albert Lea,2
Albuquerque,2
Albury,6
Aldama,2
Aldan,6
Aleksandrovsk,6
Alekseyevka,4
Aleksin,4
Aleppo,4
Alexandria1,2
Alexandria2,2
Alexandria3,4
Alexandroupoli,4
Aleysk,5
Algeciras,3
Algha,4
Algiers,4
Ali Bayramli,4
Ali Sabih,4
Alicante,3
Alice,2
Alice Springs,6
Aligarh,5
Alipur Duar,5
Aliwal North,4
Allahabad,5
Allanmyo,5
Allappey,5
Allende,2
Allentown,2
Alliance,2
Almaty,5
Almenara,3
Almeria,3
Almetyevsk,4
Almirante,2
Alor Setar,5
Alotau,6
Alpena,2
Alpine,2
Alta Gracia,2
Altagracia de Orituco,2
Altamira,3
Altay,5
Alton,2
Altoona,2
Alvorada,3
Alwar,5
Alxa Zuoqi,5
Am Timan,4
Amahai,6
Amapa,3
Amarillo,2
Amasya,4
Ambala,5
Ambanja,4
Ambato,2
Ambatondrazaka,4
Ambon,6
Amderma,5
Americana,3
Ames,2
Amherst,2
Amiens,4
Amman,4
Ammochostos,4
Amol,4
Amos,2
Amravati,5
Amritsar,5
Amsterdam,4
Amursk,6
An Najaf,4
An Nasiriyah,4
Anaco,2
Anapolis,3
Anatuya,2
Anbyon,6
Anchorage,1
Ancona,4
Ancud,2
Anda,6
Anderson,2
Andijon,5
Andkhvoy,5
Andoany,4
Andong,6
Andorra,4
Andradina,3
Androka,4
Angangxi,6
Angarsk,5
Angeles,6
Angers,3
Angoche,4
Angol,2
Angra do Heroismo,3
Angren,5
Ankang,5
Ankara,4
Anlu,5
Ann Arbor,2
Anna Regina,3
Annaba,4
Annapolis,2
Annecy,4
Anqing,5
Ansan,6
Anshan,6
Anshun,5
Antalaha,4
Antalya,4
Antananarivo,4
Antigonish,2
Antofagasta,2
Antsirabe,4
Antsiranana,4
Antsohihy,4
Antwerpen,4
Anuradhapura,5
Anxi,5
Anyang,5
Anzhero Sudzhensk,5
Aomori,6
Apalachicola,2
Apatity,4
Apatzingan,2
Apia,1
Apodi,3
Apolo,2
Appleton,2
Apsheronsk,4
Apucarana,3
Aqadyr,5
Aqsay,4
Aqtau,4
Aqtobe,4
Aquidauana,3
Ar Ramadi,4
Ar Raqqah,4
Ar Rutbah,4
Aracaju,3
Aracati,3
Aracatuba,3
Aracuai,3
Arad,4
Araguaina,3
Araguari,3
Arak,4
Aral,5
Aranyaprathet,5
Arapiraca,3
Arapongas,3
Arar,4
Ararangua,3
Ararat,6
Arauca,2
Araxa,3
Arba Minch,4
Arcata,1
Archangel,4
Arcoverde,3
Arctic Bay,2
Ardabil,4
Ardmore,2
Arecibo,2
Arequipa,2
Arezzo,4
Argentia,3
Arica,2
Arjona,2
Armavir,4
Armenia,2
Armidale,6
Arqalyq,5
Arras,4
Arrecife,3
Arroyos y Esteros,3
Arsenyev,6
Artemisa,2
Artemovsk,5
Artemovskiy,5
Artigas,3
Arua,4
Arusha,4
Arvayheer,5
Arviat,2
Arxan,5
Arys,5
Arzamas,4
As Salt,4
As Samawah,4
As Sulaymaniyah,4
As Sulayyil,4
As Suwayda,4
Asahikawa,6
Asbest,5
Ascension,2
Asela,4
Ash Shatrah,4
Ash Shihr,4
Asha,4
Ashburton1,6
Ashburton2,6
Asheville,2
Ashgabat,4
Asino,5
Asmara,4
Asosa,4
Assab,4
Assis,3
Astana,5
Asti,4
Astoria,1
Astrakhan,4
Asuncion,3
Aswan,4
Asyut,4
At Bashy,5
At Taif,4
Atakpame,4
Atamyrat,5
Atar,3
Atasu,5
Atbara,4
Atbasar,5
Athabasca,2
Athens1,2
Athens2,4
Atherton,6
Ati,4
Atikokan,2
Atkarsk,4
Atlanta,2
Atlantic City,2
Atlixco,2
Atoyac,2
Atyrau,4
Auburn,2
Auckland,6
Augsburg,4
Augusta1,2
Augusta2,2
Aurangabad1,5
Aurangabad2,5
Aurora1,2
Aurora2,2
Austin,2
Autlan,2
Auxerre,4
Avare,3
Aweil,4
Awka,4
Ayacucho,2
Ayakoz,5
Ayapel,2
Ayaviri,2
Aydin,4
Ayorou,4
Ayounel el Atrous,3
Ayr1,3
Ayr2,6
Ayutthaya,5
Az Aubayr,4
Az Zahran,4
Az Zarqa,4
Az Zawiyah,4
Azare,4
Azogues,2
Azul,3
Babahoyo,2
Babanusa,4
Babati,4
Babruysk,4
Bac Giang,5
Bac Lieu,5
Bacabal,3
Bacau,4
Bacolod,6
Badajoz,3
Baddeck,2
Badulla,5
Bafang,4
Bafata,3
Bafia,4
Bafoussam,4
Bafra,4
Bagamoyo,4
Bage,3
Baghdad,4
Baghlan,5
Bago,5
Baguio City,6
Bahawalpur,5
Bahia Blanca,2
Bahir Dar,4
Bahraich,5
Baia Mare,4
Baicheng,6
Baie-Comeau,2
Baiquan,6
Bairnsdale,6
Bakal,4
Baker Lake,2
Bakersfield,2
Baku,4
Balakhna,4
Balakovo,4
Balancan,2
Balashov,4
Balboa,2
Balcarce,3
Baleshwar,5
Balikesir,4
Balikpapan,5
Balkanabat,4
Balkh,5
Ballarat,6
Ballina,6
Balqash,5
Balsas,3
Baltasar Brum,3
Balti,4
Baltimore,2
Balykchy,5
Balyqshy,4
Bama,4
Bamako,3
Bambari,4
Bamenda,4
Bamian,5
Banamba,3
Banda Aceh,5
Bandar Lampung,5
Bandar Seri Begawan,5
Bandar-e Bushehr,4
Bandar-e-Abbas,4
Bandjarmasin,5
Bandundu,4
Bandung,5
Banes,2
Banff,2
Banfora,3
Bangalore,5
Bangassou,4
Banghazi,4
Bangkok,5
Bangor,2
Banguela,4
Bangui,4
Bani Walid,4
Banja Luka,4
Banjul,3
Bannu,5
Bansang,3
Banska Bystrica,4
Banyuwangi,5
Baoding,5
Baoji,5
Baoshan,5
Baotou,5
Baqubah,4
Bar Harbor,2
Barabinsk,5
Barahona,2
Baramula,5
Baranavichy,4
Barbacena,3
Barcaldine,6
Barcelona1,4
Barcelona2,2
Barcelos,2
Barddhaman,5
Bareilly,5
Bari,4
Barinas,2
Barisal,5
Barlett,2
Barletta,4
Barnaul,5
Barquisimeto,2
Barra Mansa,3
Barra do Bugres,3
Barra do Garcas,3
Barrancabermeja,2
Barranquilla,2
Barras,3
Barreiras,3
Barreiros,3
Barretos,3
Barrie,2
Barrow,1
Bartica,3
Bartlesville,2
Barysaw,4
Basankusu,4
Basel,4
Basoko,4
Basra,4
Basse-terre,2
Basseterre,2
Bastia,4
Bata,4
Batangas,6
Batatais,3
Bataysk,4
Batemans Bay,6
Bath,3
Bathurst1,2
Bathurst1,6
Bathurst2,2
Bathurst2,6
Bati,4
Batman,4
Batna,4
Baton Rouge,2
Batouri,4
Battambang,5
Batticaloa,5
Battle Creek,2
Batu Pahat,5
Batumi,4
Baturite,3
Baubau,6
Bauchi,4
Bauru,3
Bavaro,2
Bawku,3
Bay City,2
Bayamo,2
Bayan Obo,5
Baydhabo,4
Bayghanin,4
Baytown,2
Beaufort,2
Beaufort West,4
Beaumont,2
Beaver Falls,2
Bechar,3
Beckley,2
Beer Sheva,4
Beeville,2
Behbehan,4
Beian,6
Beihai,5
Beijing,5
Beipiao,6
Beira,4
Beirut,4
Beitbridge,4
Beja,4
Bejaia,4
Bekasi,5
Bekiy,4
Belabo,4
Belaya Kalitva,4
Belebey,4
Beledweyne,4
Belem,3
Belen,2
Belfast,3
Belgaum,5
Belgorod,4
Belgrade,4
Belize City,2
Bell Ville,2
Bella Union,3
Bella Vista,3
Bellary,5
Belleville1,2
Belleville2,2
Bellingham,1
Bello,2
Belmopan,2
Belo Horizonte,3
Belogorsk,6
Bemidji,2
Ben Gardane,4
Bend,1
Bendigo,6
Benevento,4
Bengbu,5
Bengkulu,5
Beni,4
Beni Mazar,4
Beni Ounif,3
Beni Suef,4
Benin City,4
Benoni,4
Bento Goncalves,3
Benton Harbor,2
Benxi,6
Berber,4
Berbera,4
Berberati,4
Berdyansk,4
Berekum,3
Berezniki,4
Bergamo,4
Bergen,4
Berkeley,1
Berlin,4
Bermejo,2
Bern,4
Berri,6
Bertoua,4
Besalampy,4
Besancon,4
Betanzos,2
Bethal,4
Bethanie,4
Bethel,1
Bethlehem,4
Bezhetsk,4
Beziers,4
Bhagalpur,5
Bharatpur,5
Bhatpara,5
Bhavnagar,5
Bhilwara,5
Bhisho,4
Bhiwandi,5
Bhiwani,5
Bhopal,5
Bhubaneshwar,5
Bhusawal,5
Biak,6
Bialystok,4
Biarritz,3
Bicheno,6
Bida,4
Bidar,5
Biel,4
Bielefeld,4
Bien Hoa,5
Big Spring,2
Biggar,2
Biharamulo,4
Bijapur,5
Bijar,4
Bikaner,5
Bikin,6
Bila Tserkva,4
Bilaspur,5
Bilbao,3
Billings,2
Biloela,6
Biloxi,2
Biltine,4
Binghamton,2
Binjai,5
Bintulu,5
Birak,4
Birao,4
Biratnagar,5
Birganj,5
Birjand,4
Birmingham1,2
Birmingham2,3
Birni Nkonni,4
Birnin Kebbi,4
Birobidzhan,6
Birsk,4
Biryusinsk,5
Bishkek,5
Bishop,2
Biskra,4
Bismarck,2
Bissau,3
Bitam,4
Bitola,4
Biu,4
Biysk,5
Bizerte,4
Blackpool,3
Blacksburg,2
Blagodarnyy,4
Blagoveshchensk,6
Blantyre,4
Blenheim,6
Blitar,5
Bloemfontein,4
Bloemhof,4
Bloomington1,2
Bloomington2,2
Bluefields,2
Blumenau,3
Bo,3
Boa Vista,2
Boaco,2
Bobo Dioulasso,3
Bocaiuva,3
Bocas del Toro,2
Bodo,4
Boende,4
Bogor,5
Bogoroditsk,4
Bogota,2
Bogotol,5
Bogue,3
Boise,2
Bojnurd,4
Boke,3
Bol,4
Bolama,3
Bolgatanga,3
Boli,6
Bollnas,4
Bolobo,4
Bologna,4
Bologoye,4
Bolu,4
Bolzano,4
Boma,4
Bondo,4
Bondoukou,3
Bongandanga,4
Bongaree,6
Bongor,4
Bonn,4
Boorama,4
Boosaaso,4
Boras,4
Bordeaux,3
Bordertown,6
Borisoglebsk,4
Borlange,4
Borovichi,4
Borzya,5
Bose,5
Bosobolo,4
Bossangoa,4
Bossembele,4
Boston,2
Botosani,4
Botucatu,3
Bouake,3
Bouar,4
Bougouni,3
Bouira,4
Boulder,2
Boulder City,2
Bourges,4
Bournemouth,3
Boutilimit,3
Bowling Green1,2
Bowling Green2,2
Bozeman,2
Bozoum,4
Bradford,3
Braga,3
Braganca,3
Braganca Paulista,3
Brahmapur,5
Brainerd,2
Brandfort,4
Brandon,2
Brasilia,3
Brasov,4
Bratislava,4
Bratsk,5
Braunschweig,4
Brazzaville,4
Bredasdorp,4
Bremen,4
Bremerhaven,4
Bremerton,1
Brest1,3
Brest2,4
Breves,3
Bria,4
Bridgeport,2
Bridgetown,3
Brighton,4
Brighton,3
Brikama,3
Brindisi,4
Brisbane,6
Bristol1,2
Bristol2,3
Brits,4
Brive,4
Brno,4
Brochet,2
Brockville,2
Broken Hill,6
Brookings,2
Brooks,2
Broome,6
Brovary,4
Brownsville,2
Brownsweg,3
Brownwood,2
Brugge,4
Brumado,3
Brunswick,2
Brusque,3
Brussels,4
Bryan,2
Bryansk,4
Bua Yai,5
Bucaramanga,2
Buchanan,3
Buchans,3
Bucharest,4
Budapest,4
Budaun,5
Buenaventura,2
Buenos Aires,3
Buffalo,2
Bugt,6
Bugulma,4
Buguruslan,4
Buizhou,5
Bujumbura,4
Bukachacha,5
Bukama,4
Bukavu,4
Bukittinggi,5
Bukoba,4
Bulaevo,5
Bulandshahr,5
Bulawayo,4
Bulungu,4
Bumba,4
Bunbury,5
Bundaberg,6
Bungoma,4
Bunia,4
Buon Me Thuot,5
Bur Safaga,4
Bur Said,4
Buraydah,4
Burco,4
Burgas,4
Burgos,3
Burhanpur,5
Buriram,5
Burley,2
Burlington1,2
Burlington2,2
Burnie,6
Burns Lake,1
Bursa,4
Bururi,4
Busan,6
Businga,4
Busselton,5
Buta,4
Butare,4
Butembo,4
Butte,2
Butterworth,5
Butuan,6
Buurhakaba,4
Buxoro,5
Buy,4
Buyant-Uhaa,5
Buynaksk,4
Buzau,4
Buzmeyin,4
Buzuluk,4
Bydgoszcz,4
Byron Bay,6
Bytom,4
Byumba,4
Ca Mau,5
Caazapa,3
Caballococha,2
Cabanatuan,6
Cabimas,2
Cabinda,4
Cabo Frio,3
Cabo San Lucas,2
Cabo de Santo Agostinho,3
Caboolture,6
Caborca,2
Cacador,3
Cachoeira do Sul,3
Cachoeiro de Itapemirim,3
Cacolo,4
Cadillac,2
Cadiz1,3
Cadiz1,6
Cadiz2,6
Cadiz2,3
Caen,3
Cafayate,2
Cagayan de Oro,6
Cagliari,4
Cahul,4
Caibarien,2
Caico,3
Cairns,6
Cairo,4
Cajabamba,2
Cajamarca,2
Calabar,4
Calabozo,2
Calais1,2
Calais2,4
Calama,2
Calarasi,4
Calbayog,6
Calbuco,2
Calcutta,5
Caldera,2
Caldwell,2
Calgary,2
Cali,2
Callao,2
Caloundra,6
Calucinga,4
Calulo,4
Cam Pha,5
Cam Ranh,5
Camabatela,4
Camacupa,4
Camaguey,2
Camana,2
Camaqua,3
Cameta,3
Camiri,2
Camocim,3
Campana,3
Campbell River,1
Campeche,2
Campina Grande,3
Campinas,3
Campo Belo,3
Campo Grande,3
Campo Maior,3
Campo Murao,3
Campoalegre,2
Campos,3
Camrose,2
Can Tho,5
Canakkale,4
Cananea,2
Canas,2
Canatlan,2
Canberra,6
Cancun,2
Canela,3
Cangamba,4
Cangzhou,5
Caninde,3
Canoas,3
Canoinhas,3
Canton,2
Cap-Chat,2
Cap-Haitien,2
Capanema,3
Cape Coast,3
Cape Coral,2
Cape Dorset,2
Cape Girardeau,2
Cape Town,4
Capitol Hill,6
Caracarai,2
Caracas,2
Carahue,2
Caratinga,3
Carazinho,3
Carbondale,2
Cardiff,3
Carhue,2
Carlisle,3
Carlsbad,2
Carmelo,3
Carnot,4
Carora,2
Carpina,3
Carson City,2
Cartagena1,2
Cartagena2,3
Cartago1,2
Cartago2,2
Cartwright,3
Caruaru,3
Carupano,2
Casa Grande,2
Casablanca,3
Cascavel,3
Caserta,4
Casper,2
Castanhal,3
Castello,3
Castries,2
Castro1,2
Castro2,3
Catalao,3
Catamarca,2
Catanduva,3
Catania,4
Catanzaro,4
Cauquenes,2
Caxias,3
Caxias do Sul,3
Caxito,4
Cayambe,2
Cayenne,3
Cebu,6
Cedar City,2
Cedar Rapids,2
Ceduna,6
Celaya,2
Celeken,4
Central Coast,6
Centralia,1
Ceres,3
Cerrillos,2
Cerro de Pasco,2
Ceske Budejovice,4
Chabahar,5
Chacabuco,2
Chachapoyas,2
Chadron,2
Chaiyaphum,5
Chake Chake,4
Chalkida,4
Challapata,2
Chamical,2
Champoton,2
Chancay,2
Chandigarh,5
Chandrapur,5
Changchun,6
Changde,5
Changhua,6
Changling,6
Changping,5
Changsha,5
Changting,5
Changyon,6
Changzhi,5
Changzhou,5
Changzhou,6
Channel-Port aux Basques,3
Chanthaburi,5
Chaoyang,6
Chaozhou,5
Chapadinha,3
Chapaev,4
Chapayevsk,4
Chapleau,2
Charata,2
Charikar,5
Charleroi,4
Charleston1,2
Charleston2,2
Charleville,6
Charlotte,2
Charlottesville,2
Charlottetown,2
Charters Towers,6
Chascomus,3
Chattanooga,2
Chau Doc,5
Chauk,5
Cheboksary,4
Chegdomyn,6
Chelyabinsk,5
Chemnitz,4
Chengde,5
Chengdu,5
Chennai,5
Chenzhou,5
Cheongju,6
Chepes,2
Cherbourg,3
Cheremkhovo,5
Cherepanovo,5
Cherepovets,4
Cherkasy,4
Cherkessk,4
Cherlak,5
Chernihiv,4
Chernivtsi,4
Chernogorsk,5
Chernyakhovsk,4
Chester,3
Chesterfield Inlet,2
Chetumal,2
Chevery,3
Cheyenne,2
Chiai,6
Chiang Mai,5
Chiang Rai,5
Chibemba,4
Chibia,4
Chicago,2
Chiclayo,2
Chico,1
Chicoutimi,2
Chifeng,5
Chignik,1
Chihuahua,2
Chilca,2
Childress,2
Chilecito,2
Chililabombwe,4
Chillan,2
Chilpancingo,2
Chimbote,2
Chimboy,4
Chimoio,4
Chinandega,2
Chincha Alta,2
Chingola,4
Chinhoyi,4
Chiniot,5
Chinsali,4
Chipata,4
Chiquinquira,2
Chirala,5
Chiramba,4
Chirchiq,5
Chiredzi,4
Chisinau,4
Chistopol,4
Chita,5
Chitipa,4
Chitre,2
Chittagong,5
Chitungwiza,4
Chivilcoy,3
Chivilcoy,2
Chlef,4
Cholpon Ata,5
Choluteca,2
Choma,4
Chon Buri,5
Chonchi,2
Chone,2
Chongjin,6
Chongju,6
Chongqing,5
Chos Malal,2
Chosan,6
Chosica,2
Chota,2
Choybalsan,5
Christchurch,6
Christiansted,2
Chukai,5
Chulucanas,2
Chumbicha,2
Chumphon,5
Chuncheon,6
Chungli,6
Chuquicamata,2
Chur,4
Chusovoy,4
Chuxiong,5
Ciego de Avila,2
Cienaga,2
Cienfuegos,2
Cilacap,5
Cincinnati,2
Cirebon,5
Ciudad Bolivar,2
Ciudad Camargo,2
Ciudad Constitucion,2
Ciudad Cortes,2
Ciudad Guayana,2
Ciudad Guzman,2
Ciudad Hidalgo,2
Ciudad Ju  rez,2
Ciudad Madero,2
Ciudad Mante,2
Ciudad Obregon,2
Ciudad Valles,2
Ciudad Victoria,2
Ciudad del Carmen,2
Ciudad del Este,3
Civitavecchia,4
Clare,6
Clarksburg,2
Clarksville,2
Cleburne,2
Clermont-Ferrand,4
Cleveland,2
Cliza,2
Cloncurry,6
Clovis,2
Cluj-Napoca,4
Coalcoman,2
Coari,2
Coatzacoalcos,2
Cobalt,2
Coban,2
Cobija,2
Cobram,6
Coburg,4
Cochabamba,2
Cochin,5
Cochrane,2
Cody,2
Coffeyville,2
Coffs Harbour,6
Coihaique,2
Coimbatore,5
Coimbra,3
Colac,6
Colesberg,4
Colima,2
Colinas,3
Collipulli,2
Colombo,5
Colon1,2
Colon2,2
Colorado Springs,2
Columbia1,2
Columbia2,2
Columbia3,2
Columbus1,2
Columbus2,2
Comallo,2
Comandante Fontana,3
Comayagua,2
Combarbala,2
Comilla,5
Como,4
Comodoro Rivadavia,2
Comondante Luis Piedrabuena,2
Compostela,2
Conakry,3
Concepcion del Uruguay,3
Concepcion1,2
Concepcion2,3
Concord,2
Concordia1,3
Concordia2,3
Conselheiro Lafaiete,3
Constanta,4
Constantine,4
Constitucion,2
Contamana,2
Conway,2
Cooma,6
Coos Bay,1
Copenhagen,4
Copiapo,2
Coquimbo,2
Coracora,2
Coral Gables,2
Coral Springs,2
Cordoba1,2
Cordoba2,3
Cordoba3,2
Cordova,1
Cork,3
Corner Brook,3
Cornwall,2
Coro,2
Coronel,2
Coronel Bogado,3
Coronel Oviedo,3
Coronel Suarez,2
Corpus Christi,2
Corrientes,3
Corum,4
Corumba,3
Corvallis,1
Cotabato,6
Cotonou,4
Cottbus,4
Council Bluffs,2
Courtenay,1
Coventry,3
Covilha,3
Covington,2
Cowell,6
Cowra,6
Cozumel,2
Craig,2
Craiova,4
Cranbourne,6
Cranbrook,2
Crateus,3
Crato,3
Crescent City,1
Crestview,2
Criciuma,3
Cristalina,3
Crookston,2
Crotone,4
Cruzeiro do Sul,2
Cuamba,4
Cuauhtemoc,2
Cubal,4
Cucuta,2
Cuddalore,5
Cuenca,2
Cuencame,2
Cuernavaca,2
Cuevo,2
Cuiaba,3
Culiacan,2
Cumana,2
Cumberland,2
Curanilahue,2
Curepipe,4
Curico,2
Curitiba,3
Curvelo,3
Cusco,2
Cutral Co,2
Cuttack,5
Cyangugu,4
D  sseldorf,4
Da Lat,5
Da Nang,5
Daan,6
Dabou,3
Daegu,6
Daejeon,6
Dagupan,6
Dakar,3
Dalandzadgad,5
Dalby,6
Dalhart,2
Dali1,5
Dali2,5
Dalian,6
Dallas,2
Dalnegorsk,6
Dalnerechensk,6
Daloa,3
Dalton,2
Damanh  r,4
Damascus,4
Dandong,6
Dangriga,2
Danjiangkou,5
Danville,2
Daqing,6
Dar es Salaam,4
Darnah,4
Darregueira,2
Darwin,6
Dasoguz,4
Dasoguz,5
Datong,5
Daugavpils,4
Dauphin,2
Davangere,5
Davao,6
Davenport,2
David,2
Dawei,5
Dawmat al Jandal,4
Dawson Creek,1
Dayr az Azwr,4
Dayton,2
Daytona Beach,2
De Aar,4
Debre Birhan,4
Debre Markos,4
Debrecen,4
Decatur,2
Deer Lake,3
Dehibat,4
Dehra Dun,5
Del Rio,2
Delano,2
Delhi,5
Delicias,2
Demba,4
Dembi Dolo,4
Deming,2
Dengzhou,5
Deniliquin,6
Denizli,4
Denow,5
Denpasar,5
Denton,2
Denver,2
Dera Ghazi Khan,5
Dera Ismail Khan,5
Derbent,4
Derzhavinsk,5
Des Moines,2
Desaguadero,2
Dese,4
Detroit,2
Devils Lake,2
Devonport,6
Deyang,5
Dezful,4
Dezhou,5
Dhaka,5
Dhamar,4
Dhanbad,5
Dhule,5
Diamantina,3
Dibaya,4
Dibrugarh,5
Dickinson,2
Dieppe,4
Diffa,4
Digby,2
Dijon,4
Dila,4
Dili,6
Dillingham,1
Dillon,2
Dilolo,4
Dimbokro,3
Dimitrovgrad,4
Dindigul,5
Dingzhou,5
Diourbel,3
Dire Dawa,4
Dirj,4
Divinopolis,3
Diyarbakir,4
Djambala,4
Djanet,4
Djelfa,4
Djenne,3
Djibouti,4
Djougou,4
Dnipropetrovsk,4
Doba,4
Dobrich,4
Dodge City,2
Dodoma,4
Doha,4
Dolbeau,2
Dolinsk,6
Dolo Bay,4
Dolores,3
Dombarovskiy,4
Dondo1,4
Dondo2,4
Donegal,3
Donetsk,4
Dong Hoi,5
Dongola,4
Dortmund,4
Dosso,4
Dothan,2
Douala,4
Douglas1,2
Douglas2,2
Douglas3,3
Douglas4,2
Dourados,3
Dover1,2
Dover2,4
Drammen,4
Dresden,4
Drobeta-Turnu Severin,4
Drogheda,3
Drohobych,4
Drummondville,2
Dryden,2
Dubayy,4
Dubbo,6
Dublin1,2
Dublin2,3
Dubrovnik,4
Dubuque,2
Dudinka,5
Duisburg,4
Duitama,2
Duluth,2
Duma,4
Dumas,2
Dumfries,3
Dumyat,4
Dund-Us,5
Dundalk,3
Dundee,3
Dundo,4
Dunedin,6
Dunhua,6
Dunhuang,5
Duque de Caxias,3
Durango1,2
Durango2,2
Durazno,3
Durban,4
Durham,2
Durres,4
Dushanbe,5
Dyatkovo,4
Dzaoudzi,4
Dzerzhinsk,4
Dzhankoy,4
Dzuunharaa,5
Eagle,1
Eagle Pass,2
East London,4
Eastmain,2
Eau Claire,2
Ebolowa,4
Echuca,6
Ed Damazin,4
Ed Dueim,4
EdDamer,4
Edea,4
Edinburg,2
Edinburgh,3
Edirne,4
Edmonton,2
Edmundston,2
Egilsstadir,3
Eindhoven,4
Eirunepe,2
Ekibastuz,5
El Alamein,4
El Arish,4
El Banco,2
El Bayadh,4
El Calafate,2
El Carmen de Bolivar,2
El Centro,2
El Daba,4
El Dorado1,2
El Dorado2,2
El Faiyum,4
El Fasher,4
El Fuerte,2
El Giza,4
El Golea,4
El Jadida,3
El Kef,4
El Kharga,4
El Maiten,2
El Manaqil,4
El Mansura,4
El Manteco,2
El Minya,4
El Obeid,4
El Oued,4
El Paso,2
El Qasr,4
El Suweis,4
El Tigre,2
El Tur,4
Elazig,4
Elbasan,4
Elblag,4
Eldama Ravine,4
Eldorado,2
Eldoret,4
Elgin,2
Elista,4
Elk,4
Elkhart,2
Elko,2
Elmira,2
Ely1,2
Ely2,2
Embi,4
Embu,4
Emden,4
Emerald,6
Emmonak,1
Emporia,2
En Nuhud,4
Encarnacion,3
Ende,6
Engels,4
Enid,2
Ensenada,2
Entebbe,4
Enterprise,2
Enugu,4
Er Rachidia,3
Erechim,3
Eregli,4
Erenhot,5
Erfurt,4
Ergun Zuoqi,6
Erie,2
Ermoupoli,4
Ertis,5
Erymentau,5
Erzincan,4
Erzurum,4
Esbjerg,4
Escanaba,2
Escuinapa,2
Escuintla,2
Eseka,4
Esik,5
Esil,5
Eskisehir,4
Esmeraldas,2
Esperance,6
Esperanza,2
Espungabera,4
Esquel,2
Essen,4
Estancia,3
Esteli,2
Etawah,5
Eugene,1
Eumseong,6
Eureka,1
Evanston,2
Evansville,2
Everett,1
Ewo,4
Exeter,3
Exmouth,5
Eyl,4
Eyumojok,4
Fada,4
Fairbanks,1
Faisalabad,5
Faizabad,5
Falfurrias,2
Farafangana,4
Farah,5
Faranah,3
Fargo,2
Fargona,5
Faribault,2
Farmington,2
Faro,3
Fasa,4
Fatehpur,5
Fayetteville1,2
Fayetteville2,2
Feira de Santana,3
Felipe Carrillo Puerto,2
Fengcheng,5
Fengjie,5
Fengshan,6
Fengzhen,5
Ferkessedougou,3
Fernandopolis,3
Ferrara,4
Ferrenafe,2
Feyzabad,5
Fez,3
Fianarantsoa,4
Filadelfia,2
Finnsnes,4
Firozabad,5
Flagstaff,2
Flensburg,4
Flin Flon,2
Flint,2
Florence1,2
Florence2,2
Florence3,4
Florencia,2
Flores,2
Floriano,3
Florianopolis,3
Focsani,4
Foggia,4
Fond du Lac,2
Fonte Boa,2
Forbes,6
Formiga,3
Formosa1,3
Formosa2,3
Forster-Tuncurry,6
Fort Chipewyan,2
Fort Collins,2
Fort Good Hope,1
Fort Lauderdale,2
Fort McMurray,2
Fort Pierce,2
Fort Resolution,2
Fort Severn,2
Fort Shevchenko,4
Fort Simpson,1
Fort Smith1,2
Fort Smith2,2
Fort St. John,1
Fort Stockton,2
Fort Wayne,2
Fort Yukon,1
Fort-de-France,2
Fortaleza,3
Foshan,5
Foumban,4
Foz do Iguacu,3
Franca,3
Franceville,4
Francistown,4
Frankfort,2
Frankfurt,4
Fredericksburg,2
Fredericton,2
Frederikshavn,4
Freeport1,2
Freeport2,2
Freetown,3
Freiburg,4
Fresnillo,2
Fresno,2
Fria,3
Frias,2
Frolovo,4
Frontera,2
Frutal,3
Ft. Dodge,2
Ft. Myers,2
Ft. Worth,2
Fuan,5
Fujin,6
Fukui,6
Fukuoka,6
Fukushima,6
Fulin,5
Funchal,3
Funtua,4
Furth,4
Fushun,6
Fuxin,6
Fuyang,5
Fuyu,6
Fuzhou,5
Gaalkacyo,4
Gabes,4
Gaborone,4
Gadsden,2
Gafsa,4
Gagnoa,3
Gainesville,2
Galati,4
Galesburg,2
Galle,5
Gallup,2
Galveston,2
Galway,3
Gamba,4
Ganca,4
Gandajika,4
Gander,3
Gandhinagar,5
Gangneung,6
Gangtok,5
Gannan,6
Ganzhou,5
Gao,3
Garanhuns,3
Garca,3
Garden City,2
Gardiz,5
Garissa,4
Garoowe,4
Garoua,4
Gary,2
Garzon,2
Gashua,4
Gaspe,2
Gatchina,4
Gavle,4
Gawler,6
Gay,4
Gaya1,4
Gaya2,5
Gaza,4
Gaziantep,4
Gbadolite,4
Gbarnga,3
Gdansk,4
Gdynia,4
Gedaref,4
Geelong,6
Geita,4
Gejiu,5
Gelendzhik,4
Gemena,4
Geneina,4
General Conesa,2
General Guemes,2
General Pico,2
General Roca,2
General Santos,6
Geneva,4
Genoa,4
Gent,4
George,4
George Town1,2
George Town2,5
Georgetown1,3
Georgetown2,6
Georgievsk,4
Gera,4
Geraldton1,5
Geraldton2,2
Ghadamis,4
Ghanzi,4
Ghardaia,4
Gharyan,4
Ghat,4
Ghaziabad,5
Ghazni,5
Gibraltar,3
Giessen,4
Gifu,6
Gijon,3
Gila Bend,2
Gilgit,5
Gillette,2
Gimbi,4
Gimli,2
Gingin,5
Gingoog,6
Girardot,2
Girga,4
Gisborne,6
Gitarama,4
Gitega,4
Giyon,4
Gjovik,4
Gladstone,6
Glasgow1,2
Glasgow2,3
Glazov,4
Glendale,2
Glendive,2
Glenwood Springs,2
Gliwice,4
Goba,4
Gogrial,4
Goiana,3
Goianesia,3
Goiania,3
Gold Coast,6
Goldsboro,2
Golela,4
Golmud,5
Golyshmanovo,5
Goma,4
Gombe,4
Gomez Palacio,2
Gonaives,2
Gonbad-e Kavus,4
Gonder,4
Goodland,2
Goondiwindi,6
Gorakhpur,5
Gorgan,4
Gorno Altaysk,5
Gornyak,5
Goroka,6
Gorontalo,6
Gorzow Wielkopolski,4
Goteborg,4
Gottingen,4
Goulburn,6
Goulimine,3
Goundam,3
Goure,4
Governador Valadares,3
Goya,3
Goycay,4
Graaff Reinet,4
Grafton,6
Grahamstown,4
Granada1,2
Granada2,3
Grand Bassam,3
Grand Canyon,2
Grand Forks,2
Grand Island,2
Grand Junction,2
Grand Prairie1,2
Grand Prairie2,2
Grand Rapids,2
Grand Turk,2
Granja,3
Grants Pass,1
Graz,4
Great Falls,2
Greeley,2
Green Bay,2
Green River,2
Greeneville,2
Greenock,3
Greensboro,2
Greenville1,2
Greenville2,2
Greenville3,3
Grenoble,4
Griffith,6
Groningen,4
Grootfontein,4
Groznyy,4
Grudziadz,4
Gryazi,4
Guadalajara1,2
Guadalajara2,3
Guaira,3
Guajara-Miram,2
Gualeguay,3
Gualeguaychu,3
Guamuchil,2
Guanajuato,2
Guanambi,3
Guanare,2
Guangshui,5
Guangyuan,5
Guangzhou,5
Guanhaes,3
Guantanamo,2
Guaranda,2
Guarapuava,3
Guaratingueta,3
Guasave,2
Guasdualito,2
Guatemala,2
Guaxupe,3
Guayaquil,2
Guaynas,2
Gubakha,4
Gubkin,4
Guide,5
Guider,4
Guiglo,3
Guilin,5
Guines,2
Guiyang,5
Gujranwala,5
Gujrat,5
Gulbarga,5
Gulfport,2
Guliston,5
Gulu,4
Gunnedah,6
Gunnison,2
Gunsan,6
Guntur,5
Gurgaon,5
Gurupi,3
Guryevsk,5
Gusau,4
Gusinoozyorsk,5
Guwahati,5
Guymon,2
Gwadar,5
Gwalior,5
Gwanda,4
Gwangju,6
Gweru,4
Gyeongju,6
Gympie,6
Gyor,4
Gyumri,4
Gyzlarbat,4
Ha Giang,5
Ha Tinh,5
Haarlem,4
Hachinohe,6
Hachioji,6
Hadiboh,4
Haeju,6
Hafar al Batin,4
Hagere Hiywet,4
Hagerstown,2
Haifa,4
Haikou,5
Hail,4
Hailar,5
Hailun,6
Haiphong,5
Hajjah,4
Hakkari,4
Hakodate,6
Halacho,2
Haldia,5
Halifax,2
Halmstad,4
Hamadan,4
Hamah,4
Hamamatsu,6
Hamburg,4
Hamhung,6
Hami,5
Hamilton1,2
Hamilton2,2
Hamilton3,6
Hamilton4,6
Hammerfest,4
Hampton,2
Hancheng,5
Hancock,2
Handan,5
Hanggin Houqi,5
Hangu,5
Hangzhou,5
Hangzhou,6
Hania,4
Hannover,4
Hanoi,5
Hanzhong,5
Haora,5
Happy Valley,2
Hapur,5
Harar,4
Harare,4
Harbin,6
Hardin,2
Hargeysa,4
Harlingen,2
Harper,3
Harrisburg,2
Harrisonburg,2
Harstad,4
Hartford,2
Hassi Messaoud,4
Hastings,6
Hat Yai,5
Hatay,4
Hathras,5
Hattiesburg,2
Haugesund,4
Havana,2
Havre,2
Hays,2
Hearst,2
Hebi,5
Hechi,5
Hefei,5
Hegang,6
Heidelberg,4
Heihe,6
Helena,2
Helong,6
Helsingborg,4
Helsinki,4
Hengshui,5
Hengyang,5
Herat,5
Hereford,2
Hermanus,4
Hermosillo,2
Hervey Bay,6
Hetauda,5
Heyuan,5
Heze,5
Hickory,2
Hidalgo del Parral,2
Hilo,1
Hims,4
Hindupur,5
Hinthada,5
Hinton,2
Hios,4
Hirosaki,6
Hiroshima,6
Hisar,5
Ho,4
Ho Chi Minh City,5
Hoa Binh,5
Hobart,6
Hobbs,2
Hof,4
Hohhot,5
Hokitika,6
Holguin,2
Homer,1
Homestead,2
Homyel,4
Hon Quan,5
Honda,2
Hong Gai,5
Hong Kong,5
Honiara,6
Honolulu,1
Hoonah,1
Hooper Bay,1
Hopedale,2
Hopkinsville,2
Horlivka,4
Horqueta,3
Horsham,6
Horta,3
Hosaina,4
Hoshiarpur,5
Hoskins,6
Hospet,5
Hot Springs,2
Hotan,5
Houlton,2
Houma1,2
Houma2,5
Houston,2
Hrodna,4
Hsinchu,6
Hua Hin,5
Huacho,2
Huaibei,5
Huainan,5
Huaiyin,6
Huaiyin,5
Huajuapan de Leon,2
Hualien,6
Huamachuco,2
Huambo,4
Huancavelica,2
Huancayo,2
Huangshi,5
Huangyan,6
Huanren,6
Huanta,2
Huanuco,2
Huaraz,2
Huarmey,2
Huasco,2
Huatabampo,2
Huaura,2
Hubli,5
Hudson Bay,2
Hue,5
Huehuetenango,2
Huelva,3
Hughenden,6
Huinan,6
Huize,5
Huizhou,5
Hulan Ergi,6
Hulin,6
Hun,4
Hunanghua,5
Hungnam,6
Huntington,2
Huntsville1,2
Huntsville2,2
Hurghada,4
Hutchinson,2
Huzhou,6
Huzhou,5
Hwange,4
Hyderabad1,5
Hyderabad2,5
Hyeson,6
I-n-Amenas,4
I-n-Salah,4
Iasi,4
Ibadan,4
Ibague,2
Ibarra,2
Ibb,4
Ica,2
Icel,4
Ico,3
Idah,4
Idaho Falls,2
Idlib,4
Ifakara,4
Ife,4
Igarka,5
Iguala,2
Iguape,3
Iguatu,3
Ihosy,4
Ijebu Ode,4
Ijui,3
Ikare,4
Ikela,4
Iksan,6
Ilam,4
Ilebo,4
Ilheus,3
Iligan,6
Illapel,2
Illichivsk,4
Illizi,4
Ilo,2
Iloilo,6
Ilorin,4
Imbituba,3
Imperatriz,3
Imphal,5
Incheon,6
Independence,2
Indianapolis,2
Indore,5
Indramayu,5
Ingeniero Guillermo N. Juarez,2
Ingham,6
Ingolstadt,4
Inhambane,4
Inhumas,3
Innisfail,6
Innsbruck,4
Inongo,4
Inowroclaw,4
Inta,5
International Falls,2
Invercargill,6
Inverell,6
Inverness,3
Ioanina,4
Iowa City,2
Ipatinga,3
Ipiales,2
Ipoh,5
Ipora,3
Ipswich,4
Ipu,3
Iquique,2
Iquitos,2
Iracoubo,3
Iraklio,4
Irati,3
Irbid,4
Irbil,4
Irece,3
Iringa,4
Irkutsk,5
Iron Mountain,2
Ironwood,2
Irvine,2
Isafjordur,3
Iseyin,4
Isfahan,4
Ishim,5
Isikul,5
Isiro,4
Iskandar,5
Iskenderun,4
Iskitim,5
Islamabad,5
Ismailia,4
Isna,4
Isparta,4
Istanbul,4
Ita,3
Itaberaba,3
Itaberai,3
Itabuna,3
Itacoatiara,3
Itaituba,3
Itajai,3
Itamaraju,3
Itambe,3
Itanhaem,3
Itapecuru Mirim,3
Itapetinga,3
Itapetininga,3
Itapeva,3
Itapipoca,3
Itauna,3
Ithaca,2
Itigi,4
Itu,3
Ituiutaba,3
Itumbiara,3
Iturama,3
Ivano-Frankivsk,4
Ivanovo,4
Ivdel,5
Iwaki,6
Iwo,4
Izamal,2
Izaz,4
Izhevsk,4
Izmayil,4
Izmir,4
Jabalpur,5
Jaboatao,3
Jaboticabal,3
Jacarezinho,3
Jackson1,2
Jackson2,2
Jacksonville1,2
Jacksonville2,2
Jaen,2
Jaffna,5
Jaguaquara,3
Jaguarao,3
Jaipur,5
Jakarta,5
Jalal Abad,5
Jalalabad,5
Jalingo,4
Jaltipan,2
Jamaame,4
Jamalpur,5
Jambi,5
Jamestown1,2
Jamestown2,2
Jammu,5
Jamshedpur,5
Janauba,3
Janesville,2
Januaria,3
Jaque,2
Jaragua do Sul,3
Jardim,3
Jasper,2
Jatai,3
Jau,3
Jawhar,4
Jayapura,6
Ja̩n,3
Jeddah,4
Jefferson City,2
Jeju,6
Jelgava,4
Jember,5
Jena,4
Jeonju,6
Jequie,3
Jerusalem,4
Jessore,5
Jhang,5
Jhansi,5
Ji-Parana,2
Jiamusi,6
Jian,5
Jiangmen,5
Jiaohe,6
Jiaojing,6
Jiaozuo,5
Jiaxing,6
Jiayuguan,5
Jieshou,5
Jiexiu,5
Jihlava,4
Jijiga,4
Jilin,6
Jima,4
Jinan,5
Jinchang,5
Jincheng,5
Jingdezhen,5
Jingmen,5
Jinhua,5
Jining1,5
Jining2,5
Jinja,4
Jinshi,5
Jinxi,6
Jinzhou,6
Jipijapa,2
Jiujiang,5
Jiutai,6
Jixi,6
Jizan,4
Jizzax,5
Joacaba,3
Joao Pessoa,3
Jodhpur,5
Johannesburg,4
John Day,2
Johnson City,2
Johnstown,2
Johor Bahru,5
Joinville,3
Joliet,2
Joliette,2
Jonesboro,2
Jonkoping,4
Joplin,2
Jorhat,5
Jos,4
Juan Aldama,2
Juan Jose Castelli,2
Juanjui,2
Juarez,3
Juazeiro,3
Juazeiro do Norte,3
Juba,4
Juchitan,2
Juifang,6
Juigalpa,2
Juina,3
Juiz de Fora,3
Juliaca,2
Jullundur,5
Jundiai,3
Juneau,1
Junin1,2
Junin2,2
Jutiapa,2
Juticalpa,2
Jyvaskyla,4
Kaabong,4
Kabale,4
Kabalo,4
Kabinda,4
Kabul,5
Kabwe,4
Kachiry,5
Kadoma,4
Kadugli,4
Kaduna,4
Kaedi,3
Kaesong,6
Kafue,4
Kaga Bandoro,4
Kagoshima,6
Kahama,4
Kahramanmaras,4
Kaiapoi,6
Kaifeng,5
Kailu,6
Kaka,4
Kakamega,4
Kakinada,5
Kakonko,4
Kaktovik,1
Kalachinsk,5
Kalamata,4
Kalamazoo,2
Kalemie,4
Kalgoorlie,6
Kalima,4
Kaliningrad,4
Kalispell,2
Kalisz,4
Kalmar,4
Kaluga,4
Kalyan,5
Kambove,4
Kamenka,4
Kamenna Obi,5
Kamensk Shakhtinskiy,4
Kamensk Uralskiy,5
Kamina,4
Kamloops,1
Kampala,4
Kampene,4
Kampong Cham,5
Kampot,5
Kamsar,3
Kamyanets-Podilskyy,4
Kamyshin,4
Kanab,2
Kananga,4
Kanash,4
Kanazawa,6
Kanchipuram,5
Kandahar,5
Kandalaksha,4
Kandi,4
Kandy,5
Kanggye,6
Kaniama,4
Kankakee,2
Kankan,3
Kano,4
Kanoya,6
Kanpur,5
Kansas City1,2
Kansas City2,2
Kansk,5
Kanyato,4
Kanye,4
Kaohsiung,6
Kaolack,3
Kaoma,4
Kapan,4
Kapiri Mposhi,4
Kapoeta,4
Kaposvar,4
Kapuskasing,2
Kara Balta,5
Karabuk,4
Karachi,5
Karaj,4
Karakol,5
Karaman,4
Karamay,5
Karasburg,4
Karasuk,5
Karbala,4
Karema,4
Kargat,5
Kariba,4
Karimnagar,5
Karlovac,4
Karlsruhe,4
Karlstad,4
Karluk,1
Karnal,5
Karoi,4
Karokh,5
Karonga,4
Karpinsk,4
Karpinsk,5
Karratha,5
Kars,4
Kartaly,5
Karungu,4
Karur,5
Kasaji,4
Kasama,4
Kasane,4
Kasangulu,4
Kashi,5
Kashmar,4
Kasimov,4
Kasongo,4
Kasongo-Lunda,4
Kaspiysk,4
Kassala,4
Kassel,4
Kasulu,4
Kasur,5
Katanning,5
Katerini,4
Katherine,6
Kathmandu,5
Kati,3
Katima Mulilo,4
Katoomba,6
Katowice,4
Katsina,4
Kattaqorgon,5
Katwe,4
Kaunas,4
Kavala,4
Kavalerovo,6
Kavieng,6
Kawagoe,6
Kawambwa,4
Kawasaki,6
Kaya,3
Kayes1,4
Kayes2,3
Kayseri,4
Kazan,4
Kearney,2
Kecskemet,4
Kediri,5
Kedougou,3
Keelung,6
Keetmanshoop,4
Keffi,4
Keflavik,3
Kelang,5
Kelo,4
Keluang,5
Kemerovo,5
Kemi,4
Kempsey,6
Kenai,1
Kendari,6
Kendu Bay,4
Kenema,3
Kenge,4
Kenitra,3
Kennewick,2
Kenora,2
Kentau,5
Kerch,4
Kericho,4
Kerkira,4
Kerman,4
Kermanshah,4
Kerouane,3
Keshan,6
Ketchikan,1
Key West,2
Khabarovsk,6
Khammam,5
Khammouan,5
Khanty Mansiysk,5
Kharkiv,4
Khartoum,4
Khaskovo,4
Kherson,4
Khilok,5
Khiwa,5
Khmelnytskyy,4
Kholmsk,6
Khomeini Shahr,4
Khon Kaen,5
Khoramabad,4
Khorugh,5
Khromtau,4
Khujand,5
Khujayli,4
Khulna,5
Khvoy,4
Kibiti,4
Kiel,4
Kielce,4
Kieta,6
Kiev,4
Kiffa,3
Kigali,4
Kikwit,4
Kilchu,6
Kilifi,4
Kilindoni,4
Kilinochchi,5
Kilis,4
Kilkenny,3
Killarney,3
Killeen,2
Kilosa,4
Kilowna,2
Kimberley,4
Kimchaek,6
Kimhyonggwon,6
Kimmirut,2
Kimpese,4
Kimry,4
Kindersley,2
Kindia,3
Kindu,4
Kineshma,4
King Salmon,1
Kingaroy,6
Kingman,2
Kingsport,2
Kingston South East,6
Kingston upon Hull,3
Kingston1,2
Kingston2,2
Kingston3,6
Kingstown,2
Kingsville,2
Kinshasa,4
Kipushi,4
Kirensk,5
Kirikkale,4
Kirkenes,4
Kirksville,2
Kirkuk,4
Kirkwall,3
Kirov1,4
Kirov2,4
Kirovo-Chepetsk,4
Kirovohrad,4
Kirovsk,4
Kirs,4
Kirsanov,4
Kiruna,4
Kisangani,4
Kiselevsk,5
Kisii,4
Kislovodsk,4
Kismaayo,4
Kissidougou,3
Kissimmee,2
Kisumu,4
Kita,3
Kitakyushu,6
Kitale,4
Kitami,6
Kitchener,2
Kitgum,4
Kitty Hawk,2
Kitwe,4
Kizel,4
Klagenfurt,4
Klaipeda,4
Klamath Falls,1
Klerksdorp,4
Klin,4
Klintsy,4
Klyuchi,6
Knoxville,2
Knysna,4
Kobe,6
Koblenz,4
Kocaeli,4
Kochi,6
Kodiak,1
Koforidua,3
Kofu,6
Kogon,5
Kohat,5
Kohtla-Jarve,4
Koidu,3
Koko,4
Kokomo,2
Kokshetau,5
Kolar,5
Kolda,3
Kolhapur,5
Koln,4
Kolomna,4
Kolpino,4
Kolwezi,4
Kom Ombo,4
Komatipoort,4
Kompong Chhnang,5
Komsomolets,5
Komsomolsk na Amure,6
Kon Tum,5
Kondopoga,4
Kondoz,5
Koneurgench,4
Kongolo,4
Konibodom,5
Konotop,4
Kontagora,4
Kontcha,4
Konya,4
Korhogo,3
Koriyama,6
Korla,5
Korosten,4
Korsakov,6
Kos,4
Kosice,4
Kosti,4
Kostroma,4
Koszalin,4
Kota,5
Kota Baharu,5
Kota Kinabalu,5
Kotabumi,5
Kotelnich,4
Kotlas,4
Kotlit,1
Kotovsk,4
Kotte,5
Kotzebue,1
Koudougou,3
Koulamoutou,4
Koulikoro,3
Kourou,3
Koutiala,3
Kovel,4
Kovrov,4
Koyuk,1
Kozhikode,5
Kpalime,4
Kragujevac,4
Krakow,4
Kramatorsk,4
Krasnoarmeysk,4
Krasnodar,4
Krasnogorsk,6
Krasnokamensk,5
Krasnokamsk,4
Krasnoufimsk,4
Krasnouralsk,5
Krasnoyarsk,5
Kremenchuk,4
Kribi,4
Krishnanagar,5
Kristiansand,4
Kristianstad,4
Krong Koh Kong,5
Kroonstad,4
Kropotkin,4
Kryvyy Rih,4
Ksar El Kebir,3
Kuala Lumpur,5
Kuala Terengganu,5
Kualakapuas,5
Kuantan,5
Kuching,5
Kudymkar,4
Kuga,5
Kuito,4
Kulob,5
Kulunda,5
Kumamoto,6
Kumasi,3
Kumba,4
Kumbakonam,5
Kumbo,4
Kumertau,4
Kumo,4
Kundian,5
Kungur,4
Kunming,5
Kununurra,6
Kuopio,4
Kupang,6
Kupina,5
Kupyansk,4
Kure,6
Kurgan,5
Kurnool,5
Kursk,4
Kurtamysh,5
Kuruman,4
Kushiro,6
Kuta,5
Kutahya,4
Kutaisi,4
Kuujjuaq,2
Kuujjuarapik,2
Kuwait,4
Kuybyshevskiy,5
Kuznetsk,4
Kwekwe,4
Kwinana,5
Kyakhta,5
Kyaukphyu,5
Kyoto,6
Kyshtym,5
Kyustendil,4
Kyzyl,5
L  deritz,4
L'Aquila,4
La Barca,2
La Ceiba,2
La Coruna,3
La Crosse,2
La Cruz1,2
La Cruz2,2
La Grande,2
La Grange,2
La Libertad,2
La Ligua,2
La Paloma,3
La Paz1,2
La Paz2,2
La Paz3,2
La Plata,3
La Rioja,2
La Rochelle,3
La Romana,2
La Ronge,2
La Sarre,2
La Scie,3
La Serena,2
La Union,2
La Vega,2
La Victoria,3
Laayoune,3
Labe,3
Labinsk,4
Labrador City,2
Labutta,5
Lac La Biche,2
Ladysmith,4
Lae,6
Lafayette1,2
Lafayette2,2
Lafia,4
Laghouat,4
Lagos,4
Lagos de Moreno,2
Laguna,3
Lahad Datu,5
Lahat,5
Lahij,4
Lahore,5
Lahti,4
Laiwu,5
Laiyang,6
Lajes,3
Lake Charles,2
Lake City,2
Lake Havasu City,2
Lake Louise,2
Lakeville,2
Lalitpur,5
Lamar,2
Lamas,2
Lambarene,4
Lampang,5
Lamu,4
Lancaster1,2
Lancaster2,2
Lancaster3,2
Lander,2
Langfang,5
Langzhong,5
Lankaran,4
Lansdowne House,2
Lansing,2
Lanxi,6
Lanzhou,5
Lao Chi,5
Laoag,6
Lapa,3
Lappeenranta,4
Larache,3
Laramie,2
Laredo,2
Larissa,4
Larkana,5
Las Cruces,2
Las Heras,2
Las Lajas,2
Las Lomitas,2
Las Palmas,3
Las Tablas,2
Las Tunas,2
Las Vegas1,2
Las Vegas2,2
Lascano,3
Latacunga,2
Latur,5
Launceston,6
Laurel,2
Lausanne,4
Lautoka,6
Lavras,3
Lavrentiya,1
Lawrence,2
Lawton,2
Lazaro Cardenas,2
Le Havre,4
Le Mans,4
Lead,2
Lebowakgomo,4
Lebu,2
Lecce,4
Leeds,3
Leesburg,2
Leeton,6
Leeuwarden,4
Legazpi,6
Legnica,4
Leicester,3
Leipzig,4
Lemosos,4
Lenger,5
Leninogorsk,4
Leninsk Kuznetsky,5
Lensk,5
Leon1,2
Leon2,2
Leon3,3
Leonara,6
Leopoldina,3
Lerwick,3
Les Cayes,2
Leshan,5
Lesosibirsk,5
Lesozavodsk,6
Lethbridge,2
Lethem,3
Leticia,2
Letpadan,5
Levin,6
Lewiston1,2
Lewiston2,2
Lexington,2
Lgov,4
Lhasa,5
Lhokseumawe,5
Lianxian,5
Lianyungang,5
Lianyungang,6
Liaocheng,5
Liaoyang,6
Liaoyuan,6
Libenge,4
Liberec,4
Liberia,2
Libertador General San Martin,2
Libreville,4
Lichinga,4
Lida,4
Liege,4
Liepaga,4
Lihue,1
Lijiang,5
Likasi,4
Lille,4
Lillehammer,4
Lillooet,1
Lilongwe,4
Lima1,2
Lima2,2
Limbe,4
Limeira,3
Limerick,3
Limoges,4
Linares1,2
Linares2,3
Linares3,2
Linchuan,5
Lincoln1,2
Lincoln2,2
Linden,3
Lindi,4
Linfen,5
Linhai,6
Linhares,3
Linjiang,6
Linkoping,4
Linkou,6
Linqing,5
Linxi,5
Linxia,5
Linyi,5
Linz,4
Lipetsk,4
Lira,4
Lisala,4
Lisbon,3
Lisburn,3
Lishui,5
Lismore,6
Lithgow,6
Little Current,2
Little Rock,2
Liuhe,6
Liuzhou,5
Liverpool1,2
Liverpool2,3
Livingston,2
Livingstone,4
Livny,4
Livorno,4
Ljubljana,4
Lobamba,4
Lobatse,4
Lobito,4
Lobos,3
Lodwar,4
Lodz,4
Loei,5
Logan,2
Logrono,3
Loja,2
Lokoja,4
Lome,4
Lomza,4
Loncoche,2
London1,2
London2,3
London2,4
Londonderry,3
Londrina,3
Long Beach,2
Long Xuyen,5
Longjiang,6
Longreach,6
Longview1,2
Longview2,1
Longxi,5
Longyan,5
Lop Buri,5
Lorca,3
Loreto,2
Lorica,2
Lorient,3
Los Alamos,2
Los Andes,2
Los Angeles1,2
Los Angeles2,2
Los Blancos,2
Los Lagos,2
Los Mochis,2
Los Teques,2
Lota,2
Louangphrabang,5
Loubomo,4
Louga,3
Louisville,2
Lowell,2
Luan,5
Luanda,4
Luanshya,4
Luau,4
Lubango,4
Lubao,4
Lubbock,2
Lubeck,4
Lublin,4
Lubumbashi,4
Lubutu,4
Lucapa,4
Lucknow,5
Ludhiana,5
Luebo,4
Luena,4
Lufkin,2
Luga,4
Lugano,4
Luganville,6
Luhansk,4
Lujan,3
Lulea,4
Luleburgaz,4
Lumberton,2
Lundazi,4
Luohe,5
Luoyang,5
Lupanshui,5
Lusaka,4
Lusambo,4
Lusanga,4
Luton,3
Lutselke,2
Lutsk,4
Luwuk,6
Luxembourg,4
Luxor,4
Luzern,4
Luzhou,5
Lvov,4
Lynchburg,2
Lyon,4
Lysychansk,4
M  nster,4
Maanshan,5
Mabaruma,3
Macae,3
Macapa,3
Macara,2
Macas,2
Macau,5
Maceio,3
Macenta,3
Machakos,4
Machala,2
Macheng,5
Machilipatnam,5
Machiques,2
Macia,4
Mackay,6
Macon,2
Madang,6
Madaoua,4
Madinat ath Thawrah,4
Madison,2
Madisonville,2
Madiun,5
Madrid,3
Madurai,5
Mae Sot,5
Maebashi,6
Mafetang,4
Magadan,6
Magangue,2
Magdagachi,6
Magdalena,2
Magdeburg,4
Magelang,5
Magnitogorsk,4
Magway,5
Mahabad,4
Mahajanga,4
Mahalapye,4
Mahilyow,4
Maiduguri,4
Maintirano,4
Maiquetia,2
Maitland,6
Maizaru,6
Majene,5
Majuro,6
Makale,5
Makarov,6
Makeni,3
Makhachkala,4
Makhambet,4
Makinsk,5
Makiyivka,4
Makkah,4
Makokou,4
Makoua,4
Makurdi,4
Malabo,4
Malacca,5
Maladzyechna,4
Malaga,3
Malakal,4
Malang,5
Malanje,4
Malargue,2
Malatya,4
Maldonado,3
Male,5
Malegaon,5
Malindi,4
Mallawi,4
Malmo,4
Mamou,3
Man,3
Manacapuru,2
Manado,6
Managua,2
Manama,4
Mananjary,4
Manaus,2
Manaus,3
Manbij,4
Manchester1,2
Manchester2,3
Mandalay,5
Mandalgovi,5
Mandali,4
Mandera,4
Mandritsara,4
Mandurah,5
Mandya,5
Mangai,4
Mangalore,5
Mango,4
Mangochi,4
Manhattan,2
Manicore,2
Manila,6
Manisa,4
Manizales,2
Manja,4
Manjimup,5
Mankato,2
Mannheim,4
Manokwari,6
Manono,4
Manpo,6
Mansa,4
Mansehra,5
Mansfield,2
Manta,2
Manukau,6
Manyoni,4
Manzanillo1,2
Manzanillo2,2
Manzhouli,5
Mao,4
Maoming,5
Mapai,4
Maputo,4
Maqat,4
Mar de Ajo,3
Mar del Plata,3
Maraba,3
Maracaibo,2
Maracaju,3
Maradi,4
Maragheh,4
Marbella,3
Mardan,5
Mardin,4
Maria Elena,2
Maribor,4
Maridi,4
Mariental,4
Marietta,2
Mariinsk,5
Marilia,3
Marinette,2
Maringa,3
Marion,2
Mariupol,4
Markala,3
Maroantsetra,4
Maroua,4
Marovoay,4
Marquette,2
Marrakesh,3
Marrupa,4
Marsabit,4
Marsala,4
Marseille,4
Martapura,5
Mary,5
Mary borough,6
Maryborough,6
Marzuq,4
Masaka,4
Masan,6
Masasi,4
Mascara,4
Maseru,4
Mashhad,4
Masindi-Port,4
Masjed Soleyman,4
Mason City,2
Massawa,4
Masterton,6
Masvingo,4
Matadi,4
Matagalpa,2
Matagami,2
Matamoros,2
Matanzas,2
Matara,5
Mataram,5
Mataro,4
Matehuala,2
Mathura,5
Mato Grosso,3
Matola,4
Matruh,4
Matsue,6
Matsumoto,6
Matsuyama,6
Maturin,2
Maues,3
Maumere,6
Maun,4
Mawlamyine,5
Maxixe,4
May Pen,2
Mayaguez,2
Maykop,4
Mazabuka,4
Mazar-e Sharif,5
Mazatenango,2
Mazatlan,2
Mazyr,4
Mbabane,4
Mbaiki,4
Mbala,4
Mbale,4
Mbalmayo,4
Mbandaka,4
Mbanza-Congo,4
Mbanza-Ngungu,4
Mbarara,4
Mbe,4
Mbeya,4
Mbuji-Mayi,4
Mbulu,4
McAlester,2
McAllen,2
McCook,2
McGrath,1
Meadow Lake,2
Medan,5
Medani,4
Medea,4
Medellin,2
Medford,1
Medicine Hat,2
Medina,4
Medinipur,5
Mednogorsk,4
Meekatharra,5
Meerut,5
Megion,5
Meiganga,4
Meizhou,5
Mejillones,2
Mekambo,4
Mekele,4
Meknes,3
Mekoryuk,1
Melbourne1,2
Melbourne2,6
Melekeok,6
Melilla,3
Melitopol,4
Melo,3
Melton,6
Melun,4
Melut,4
Melville,2
Memphis,2
Mendi,6
Mendocino,1
Mendoza,2
Mengzi,5
Meningie,6
Menongue,4
Merauke,6
Merced,1
Mercedes1,3
Mercedes2,2
Mercedes3,3
Mercedes4,3
Merida,2
Meridian,2
Merimbula,6
Merowe,4
Merredin,5
Meru,4
Mesa,2
Messina,4
Metairie,2
Metz,4
Mexicali,2
Mexico City,2
Meymaneh,5
Mezen,4
Miahuatlan,2
Miami,2
Miami Beach,2
Miandrivazo,4
Mianyang,5
Miass,5
Michurinsk,4
Middelburg1,4
Middelburg2,4
Middlesbrough,3
Midland,2
Mikhaylovka,4
Mikumi,4
Milagro,2
Milan,4
Mildura,6
Miles City,2
Millerovo,4
Milwaukee,2
Minas,3
Minatitlan,2
Mindelo,3
Mineiros,3
Mingan,2
Minna,4
Minneapolis,2
Minot,2
Minsk,4
Minxian,5
Miracema,3
Mirbat,4
Miri,5
Mirnyy,5
Mirput Khas,5
Mirzapur,5
Mishan,6
Miskolc,4
Misratah,4
Missoula,2
Mistassini,2
Mitchell,2
Mitilini,4
Mitla,2
Mito,6
Mityana,4
Mitzik,4
Miyazaki,6
Mizdah,4
Mmabatho,4
Mo i Rana,4
Moab,2
Moanda1,4
Moanda2,4
Moba,4
Mobile,2
Mobridge,2
Mocambique,4
Modena,4
Modesto,1
Moengo,3
Mogadishu,4
Mogocha,5
Mojokerto,5
Mokpo,6
Molde,4
Molepolole,4
Mollendo,2
Moloundou,4
Mombasa,4
Monaco,4
Monchegorsk,4
Monclova,2
Moncton,2
Mongbwalu,4
Mongo,4
Mongomo,4
Mongu,4
Monroe,2
Monrovia,3
Mont-Laurier,2
Monte Cristi,2
Montego Bay,2
Montemorelos,2
Montepuez,4
Monterey1,1
Monterey2,1
Monteria,2
Montero,2
Monterrey,2
Montes Claros,3
Montevideo,3
Montgomery,2
Monticello,2
Montpelier1,2
Montpelier2,2
Montpellier,4
Montreal,2
Montrose,2
Monywa,5
Moorhead,2
Moose Jaw,2
Mopti,3
Moquegua,2
Moradabad,5
Moranbah,6
Moratuwa,5
Morawa,5
Moree,6
Morelia,2
Morgantown,2
Morioka,6
Morogoro,4
Moron1,2
Moron2,5
Morondava,4
Moroni,4
Moroto,4
Morrinhos,3
Morshansk,4
Moscow,4
Moshi,4
Moss,4
Mossel Bay,4
Mossendjo,4
Mossoro,3
Mostaganem,4
Mostar,4
Mosul,4
Motul,2
Motupe,2
Mouila,4
Moundou,4
Mount Barker,5
Mount Gambier,6
Mount Isa,6
Moyale,4
Moyo,4
Moyobamba,2
Mozdok,4
Mozhga,4
Mpika,4
Mpwapwa,4
Mt. Hagen,6
Mt. Shasta,1
Mtsensk,4
Mtwara,4
Muar,5
Mubende,4
Mubi,4
Muconda,4
Mudangiang,6
Mudgee,6
Mudon,5
Mufulira,4
Mugla,4
Muglad,4
Muisne,2
Mulhouse,4
Multan,5
Mumbai,5
Mumbwa,4
Munchon,6
Muncie,2
Munich,4
Murcia,3
Murfreesboro,2
Muriae,3
Murmansk,4
Murom,4
Muroran,6
Murray Bridge,6
Mus,4
Musan,6
Muscat,4
Mushie,4
Musina,4
Muskegon,2
Muskogee,2
Musoma,4
Muswellbrook,6
Mutare,4
Muyinga,4
Muzaffarnagar,5
Muzaffarpur,5
Mwanza,4
Mweka,4
Mwene-Ditu,4
Mwenga,4
Mwingi,4
Mwinilunga,4
My Tho,5
Myeik,5
Myingyan,5
Myitkyina,5
Mykolayiv,4
Mymensingh,5
Myrtle Beach,2
Mysore,5
Mzuzu,4
Naberezhnyye Chelny,4
Nabeul,4
Nabire,6
Nablus,4
Nacala,4
Nacaome,2
Nadym,5
Naga,6
Nagano,6
Nagaoka,6
Nagasaki,6
Nagele,4
Nagercoil,5
Nagoya,6
Nagpur,5
Naha,6
Nain,2
Nairobi,4
Naivasha,4
Najran,4
Nakhodka,6
Nakhon Phanom,5
Nakhon Ratchasima,5
Nakhon Sawan,5
Nakhon Si Thammarat,5
Nakuru,4
Naltchik,4
Nalut,4
Nam Dinh,5
Namanga,4
Namangan,5
Namibe,4
Nampo,6
Nampula,4
Namtu,5
Namur,4
Nan,5
Nanaimo,1
Nancha,6
Nanchang,5
Nanchong,5
Nancy,4
Nanded,5
Nandi,6
Nandyal,5
Nangong,5
Nanjing,5
Nanning,5
Nanping,5
Nantes,3
Nantong,6
Nanuque,3
Nanyang,5
Nanyuki,4
Naples1,2
Naples2,4
Nara,3
Narathiwat,5
Narayanganj,5
Narrabri,6
Narrogin,5
Narsarsuaq,3
Narva,4
Naryan Mar,4
Naryn,5
Nasca,2
Nashville,2
Nasik,5
Nassau,2
Nata,4
Natal,3
Natchez,2
National City,2
Natitingou,4
Nautla,2
Navajoa,2
Navoi,5
Navsari,5
Nawabganj,5
Nawabshah,5
Naxcivan,4
Naypyidaw,5
Nazareth,4
Nazret,4
Nazyvayevsk,5
Nchelenge,4
Ndalatando,4
Ndele,4
Ndende,4
Ndjamena,4
Ndola,4
Necochea,3
Needles,2
Neftekamsk,4
Nehe,6
Neiafu,1
Neiba,2
Neijiang,5
Neiva,2
Nekemte,4
Nelidovo,4
Nellore,5
Nelson1,6
Nelson2,2
Nelspruit,4
Nenana,1
Nenjiang,6
Nepalganj,5
Nephi,2
Nerchinsk,5
Neryungri,6
Neuquen,2
Nevelsk,6
Nevers,4
Nevinnomyssk,4
Nevyansk,5
New Albany,2
New Amsterdam,3
New Bedford,2
New Braunfels,2
New Delhi,5
New Glasgow,2
New Haven,2
New Iberia,2
New Liskeard,2
New London,2
New Orleans,2
New Plymouth,6
New York,2
Newark,2
Newcastle,3
Newcastle,6
Newman,5
Newport,2
Neyshabur,4
Nezahualcoyotl,2
Ngaoundere,4
Ngara,4
Nguigmi,4
Nguru,4
Nha Trang,5
Niagara Falls,2
Niamey,4
Nice,4
Nicosia,4
Nicuadala,4
Nieuw Nickerie,3
Niigata,6
Nikel,4
Nikolayevsk,4
Nikolayevsk na Amure,6
Nikopol,4
Nimes,4
Nimule,4
Ninde,5
Ningan,6
Ningbo,6
Ninh Binh,5
Nioro du Sahel,3
Nipigon,2
Niquelandia,3
Nis,4
Niteroi,3
Niyala,4
Nizamabad,5
Nizhenvartovsk,5
Nizhnekamsk,4
Nizhneudinsk,5
Nizhny Novgorod,4
Nizhny Tagil,4
Nizhny Tagil,5
Nizhnyaya Tura,4
Nizhyn,4
Nizwa,4
Njombe,4
Nkawkaw,3
Nkhata Bay,4
Nkhotakota,4
Nkongsamba,4
Nogales,2
Noginsk,4
Nola,4
Nome,1
Nong Khai,5
Nongan,6
Nonthaburi,5
Norfolk1,2
Norfolk2,2
Norilsk,5
Norman,2
Norman Wells,1
Norrkoping,4
Norseman,6
North Battleford,2
North Bay,2
North Platte,2
Northam,5
Norwich,4
Nottingham,3
Nouadhibou,3
Nouakchott,3
Noumea,6
Nova Cruz,3
Nova Friburgo,3
Nova Iguacu,3
Nova Lima,3
Nova Vicosa,3
Novara,4
Novi Sad,4
Novo Airao,2
Novo Hamburgo,3
Novo Horizonte,3
Novoaltaysk,5
Novocherkassk,4
Novokuybishevsk,4
Novokuznetsk,5
Novomoskovsk,4
Novorossiysk,4
Novoshakhtinsk,4
Novosibirsk,5
Novotroitsk,4
Novozybkov,4
Novyy Urengoy,5
Nowra,6
Nowy Sacz,4
Nsukka,4
Nueva Gerona,2
Nueva Imperial,2
Nueva Rosita,2
Nueve de Julio,2
Nuevitas,2
Nuevo Casas Grandes,2
Nuevo Laredo,2
Nukualofa,1
Nukus,4
Numan,4
Nuqui,2
Nurnberg,4
Nusaybin,4
Nyagan,5
Nyanza,4
Nyimba,4
Nyiregyhaza,4
Nyunzu,4
Nzega,4
Nzerekore,3
Nzeto,4
Oak Ridge,2
Oakland,1
Oamaru,6
Oatlands,6
Oaxaca,2
Ob,5
Obando,2
Obidos,3
Obihiro,6
Obninsk,4
Obo,4
Obock,4
Obuasi,3
Ocala,2
Ocana,2
Oceanside,2
Ocumare del Tuy,2
Odense,4
Odessa1,2
Odessa2,4
Odienne,3
Ogbomosho,4
Ogden,2
Oita,6
Ojinaga,2
Okahandja,4
Okara,5
Okayama,6
Okha,6
Oklahoma City,2
Oktyabrsk,4
Oktyabrskiy,4
Olavarria,2
Olbia,4
Oldenburg,4
Olgiy,5
Olinda,3
Olmaliq,5
Olmos,2
Olomouc,4
Olongapo,6
Olovyannaya,5
Olsztyn,4
Olympia,1
Omagh,3
Omaha,2
Omdurman,4
Ometepec,2
Omsk,5
Omutninsk,4
Ondjiva,4
Ondo,4
Ondorhaan,5
Onega,4
Ongjin,6
Ongole,5
Ongwediva,4
Onitsha,4
Ontario,2
Oostanay,5
Opobo,4
Opole,4
Oradea,4
Oral,4
Oran,3
Orange,6
Orange Walk,2
Orangeburg,2
Orangeville,2
Oranjemund,4
Oranjestad,2
Ordu,4
Orebro,4
Orekhovo-Zuevo,4
Orel,4
Orenburg,4
Orillia,2
Oriximina,3
Orizaba,2
Orlando,2
Orleans,4
Orlu,4
Ormac,6
Ornskoldsvik,4
Orocue,2
Orongen Zizhiqi,6
Orsha,4
Orsk,4
Orumiyeh,4
Oruro,2
Osaka,6
Osakarovka,5
Osh,5
Oshawa,2
Oshikango,4
Oshkosh,2
Oshogbo,4
Osijek,4
Oskemen,5
Oslo,4
Osnabr  ck,4
Osorio,3
Osorno,2
Ostersund,4
Ostrava,4
Otar,5
Otaru,6
Otjiwarongo,4
Otradnyy,4
Otsu,6
Ottawa,2
Ottumwa,2
Oturkpo,4
Otuzco,2
Ouadda,4
Ouagadougou,3
Ouahigouya,3
Ouargla,4
Oudtshoorn,4
Ouesso,4
Ouezzane,3
Ouidah,4
Oujda,3
Oulu,4
Oum Hadjer,4
Ourense,3
Ourinhos,3
Outjo,4
Ouyen,6
Ovalle,2
Oviedo,3
Owando,4
Owensboro,2
Owo,4
Oxford,3
Oxford House,2
Oyem,4
Oyo,4
Oytal,5
Ozamis,6
Paarl,4
Pabna,5
Pacasmayo,2
Pachuca,2
Padang,5
Padangpanjang,5
Padangsidempuan,5
Padilla,2
Paducah,2
Pagadian,6
Pago Pago,1
Paita,2
Pakalongan,5
Pakanbaru,5
Pakokku,5
Pakwach,4
Pakxe,5
Pala,4
Palangkaraya,5
Palapye,4
Palatka,2
Palembang,5
Palermo,4
Pali,5
Palikir,6
Pallasovka,4
Palm Coast,2
Palm Springs,2
Palma,4
Palma Soriano,2
Palmas,3
Palmeira dos Indios,3
Palmer,1
Palmerston North,6
Palopo,6
Palu,5
Pampa del Infierno,2
Pamplona1,2
Pamplona2,3
Panama City1,2
Panama City2,2
Panda,4
Panevezy,4
Pangkalpinang,5
Panipat,5
Panshi,6
Panuco,2
Panzhihua,5
Papasquiaro,2
Papeete,1
Paracatu,3
Parachinar,5
Paracuru,3
Paragominas,3
Paragould,2
Paraguari,3
Paraiso,2
Parakou,4
Paramaribo,3
Parana,2
Paranagua,3
Paranaiba,3
Parbhani,5
Pardubice,4
Parepare,5
Paris,4
Parkersburg,2
Parkes,6
Parma,4
Parnaiba,3
Parnu,4
Parowan,2
Parras,2
Parry Sound,2
Partizansk,6
Pasadena1,2
Pasadena2,2
Pasay City,6
Paso Rio Mayo,2
Paso Robles,1
Paso de los Toros,3
Passau,4
Passo Fundo,3
Passos,3
Pasto,2
Pasuruan,5
Paterson,2
Pathankot,5
Pathein,5
Pathum Thani,5
Pati,5
Patiala,5
Pativilca,2
Patna,5
Patos,3
Patra,4
Pavlodar,5
Paysandu,3
Peace River,2
Pec1,4
Pec2,4
Pechora,4
Pecos,2
Pecs,4
Pedreiras,3
Pedro Juan Caballero,3
Pedro Luro,2
Pelotas,3
Pematangsiantar,5
Pemba,4
Penapolis,3
Pendleton,2
Penedo,3
Penola,6
Penonome,2
Pensacola,2
Penticton,2
Penza,4
Penzance,3
Peoria,2
Perabumulih,5
Pereira,2
Pergamino,2
Perito Moreno,2
Perm,4
Pernik,4
Perpignan,4
Perth1,3
Perth2,5
Perugia,4
Pervouralsk,5
Pervouralsk,4
Pescara,4
Peshawar,5
Petatlan,2
Peterborough1,2
Peterborough2,6
Petersburg,2
Peto,2
Petoskey,2
Petrolina,3
Petropavlovsk,5
Petropavlovsk Kamchatskiy,6
Petropolis,3
Petrovsk Zabaykalskiy,5
Petrozavodsk,4
Phan Rang,5
Phan Thiet,5
Phayao,5
Phetchaburi,5
Philadelphia,2
Phitsanulok,5
Phnom Penh,5
Phoenix,2
Phrae,5
Phuket,5
Phyarpon,5
Pichilemu,2
Picos,3
Piedras Negras,2
Pierre,2
Pietermaritzburg,4
Pijijiapan,2
Pilar,3
Pilibhit,5
Pimentel,2
Pinar del Rio,2
Pindamonhangaba,3
Pine Bluff,2
Pingdingshan,5
Pingdu,6
Pingdu,5
Pingliang,5
Pingtung,6
Pingxiang1,5
Pingxiang2,5
Pingyi,5
Pinheiro,3
Pinrang,5
Pinsk,4
Piracicaba,3
Pirai̩vs,4
Pirapora,3
Pirassununga,3
Pires do Rio,3
Pirgos,4
Piripiri,3
Pisa,4
Pisco,2
Pitesti,4
Pittsburgh,2
Pittsfield,2
Piura,2
Pizen,4
Placetas,2
Plast,5
Plattsburg,2
Play Ku,5
Pleven,4
Plock,4
Ploiesti,4
Plovdiv,4
Plumtree,4
Plymouth,3
Pocatello,2
Pochutla,2
Pocos de Caldas,3
Podgorica,4
Podolsk,4
Poffader,4
Pohang,6
Point Hope,1
Pointe-Noire,4
Pointe-a-Pitre,2
Poitier,4
Pokrovsk,6
Pol-e Khomri,5
Polatli,4
Polatsk,4
Polevskoy,5
Polokwane,4
Polson,2
Poltava,4
Polyarnyy,4
Ponca City,2
Ponce,2
Pondicherry,5
Ponta Delgada,3
Ponta Grossa,3
Ponta Pora,3
Ponte Nova,3
Pontes e Lacerda,3
Pontiac,2
Pontianak,5
Popayan,2
Poplar Bluff,2
Popondetta,6
Porbandar,5
Pori,4
Porlamar,2
Poronaysk,6
Port Alfred,4
Port Arthur,2
Port Augusta,6
Port Blair,5
Port Charlotte,2
Port Douglas,6
Port Elizabeth,4
Port Harcourt,4
Port Hardy,1
Port Hedland,5
Port Hope Simpson,3
Port Lavaca,2
Port Lincoln,6
Port Louis,4
Port Macquarie,6
Port Moresby,6
Port Pirie,6
Port Shepstone,4
Port Sudan,4
Port-Gentil,4
Port-Vila,6
Port-au-Prince,2
Port-of-Spain,2
Portachuelo,2
Portel,3
Portimao,3
Portland1,2
Portland2,1
Portland3,6
Porto,3
Porto Alegre,3
Porto Nacional,3
Porto Santana,3
Porto Seguro,3
Porto Uniao,3
Porto Velho,2
Porto-Novo,4
Portoviejo,2
Portsmouth,3
Porvoo,4
Posadas,3
Poso,6
Potchefstroom,4
Poti,4
Potiskum,4
Potosi,2
Potsdam,4
Poughkeepsie,2
Pouso Alegre,3
Powell,2
Powell River,1
Poza Rica de Hidalgo,2
Poznan,4
Prachin Buri,5
Prague,4
Praia,3
Praya,5
Prescott,2
Presidencia Roque Saenz Pena,2
Presidente Prudente,3
Presov,4
Pretoria,4
Price,2
Prieska,4
Prijedor,4
Prince Albert,2
Prince George,1
Principe da Beira,2
Pristina,4
Prizren,4
Probolinggo,5
Proddatur,5
Progreso,2
Progress,6
Prokopyevsk,5
Proserpine,6
Providence,2
Provideniya,1
Provo,2
Przemysl,4
Pskov,4
Pucallpa,2
Puebla,2
Pueblo,2
Puerto Aisen,2
Puerto Armuelles,2
Puerto Ayacucho,2
Puerto Baquerizo Moreno,2
Puerto Barrios,2
Puerto Berrio,2
Puerto Cabezas,2
Puerto Carreno,2
Puerto Deseado,2
Puerto Escondido,2
Puerto Lempira,2
Puerto Limon,2
Puerto Lopez,2
Puerto Madryn,2
Puerto Maldonado,2
Puerto Montt,2
Puerto Natales,2
Puerto Princesa,5
Puerto San Julian,2
Puerto Vallarta,2
Puerto Varas,2
Puerto la Cruz,2
Pugachev,4
Pukatawagan,2
Pula,4
Punata,2
Pune,5
Puno,2
Punta Alta,2
Punta Arenas,2
Punta Gorda,2
Punta Prieta,2
Punta del Este,3
Puntarenas,2
Punto Fijo,2
Puqi,5
Puquio,2
Puri,5
Purnia,5
Pursat,5
Putian,5
Putrajaya,5
Puyang,5
Pyatigorsk,4
Pyay,5
Pyongsan,6
Pyongyang,6
Pyu,5
Qaanaq,2
Qairouan,4
Qal at Bishah,4
Qaminis,4
Qapshaghay,5
Qaraghandy,5
Qaratau,5
Qarazhal,5
Qarqaraly,5
Qarshi,5
Qasr-e Shirin,4
Qasserine,4
Qazaly,5
Qazvin,4
Qena,4
Qingan,6
Qingdao,6
Qingdao,5
Qinggang,6
Qingyuan,5
Qinhuangdao,5
Qinzhou,5
Qiqihar,6
Qitaihe,6
Qom,4
Qomsheh,4
Qoqon,5
Quang Ngai,5
Quang Tri,5
Quanzhou,5
Quarai,3
Quchan,4
Queanbeyan,6
Quebec,2
Queenstown1,4
Queenstown2,6
Queenstown3,6
Quelimane,4
Quellon,2
Queretaro,2
Quesada,2
Quetta,5
Quetzaltenango,2
Quezon City,6
Qui Nhon,5
Quibala,4
Quibdo,2
Quiemo,5
Quillacollo,2
Quillota,2
Quilon,5
Quime,2
Quincy,2
Quinhagak,1
Quipungo,4
Quirihue,2
Quissico,4
Quito,2
Quixada,3
Qulan,5
Qulsary,4
Qunghirot,4
Qurghonteppa,5
Qusmuryn,5
Quzhou,5
Qyzylorda,5
Raba,5
Rabat,3
Rabaul,6
Rach Gia,5
Racine,2
Radom,4
Rafaela,2
Rafha,4
Ragusa,4
Rahimyar Khan,5
Raichur,5
Raipur,5
Rajahmundry,5
Rajapalaiyam,5
Rajkot,5
Rajshahi,5
Raleigh,2
Rampur,5
Rancagua,2
Ranchi,5
Rangoon,5
Rangpur,5
Rankin Inlet,2
Rapid City,2
Rarotonga,1
Ras al Khaymah,4
Rashid,4
Rasht,4
Ratchaburi,5
Ratlam,5
Raton,2
Raub,5
Raurkela,5
Ravenna,4
Ravensthorpe,6
Rawalpindi,5
Rawlins,2
Rawson,2
Rayevskiy,4
Rayong,5
Reading,3
Recife,3
Reconquista,3
Red Deer,2
Red Lake,2
Redding,1
Regensburg,4
Reggane,4
Reggio di Calabria,4
Regina,2
Registro,3
Rehoboth,4
Reims,4
Rennes,3
Reno,2
Resistencia,3
Resita,4
Revelstoke,2
Reykjavik,3
Reynosa,2
Rezekne,4
Rhinelander,2
Ribeirao Preto,3
Riberalta,2
Richland,2
Richmond1,2
Richmond2,2
Richmond3,2
Richmond4,6
Richmond5,6
Rida,4
Ridder,5
Riga,4
Rigolet,3
Rijeka,4
Rimouski,2
Rio Bueno,2
Rio Claro,3
Rio Colorado,2
Rio Cuarto,2
Rio Gallegos,2
Rio Grande1,3
Rio Grande2,2
Rio Largo,3
Rio Negro,3
Rio Tercero,2
Rio Verde1,2
Rio Verde2,3
Rio de Janeiro,3
Riobamba,2
Riohacha,2
Rivas,2
Rivera,3
Riverside,2
Riverton,2
Riviere-du-Loup,2
Rivne,4
Riyadh,4
Rize,4
Rizhao,5
Roanne,4
Roanoke,2
Robertsport,3
Robore,3
Rocha,3
Rochester1,2
Rochester2,2
Rock Hill,2
Rock Island,2
Rockford,2
Rockhampton,6
Rocky Mount,2
Rodeo,2
Rodos,4
Roebourne,5
Rohtak,5
Rolim de Moura,2
Roma,6
Rome,4
Rondonopolis,3
Rosario do Sul,3
Rosario1,2
Rosario2,3
Rosario3,3
Roseau,2
Roseburg,1
Rosenheim,4
Roskilde,4
Roslavl,4
Rosso,3
Rostock,4
Rostov1,4
Rostov2,4
Roswell,2
Rotorua,6
Rotterdam,4
Rouen,4
Roura,3
Rouyn-Noranda,2
Rovaniemi,4
Roxas,6
Rubtsovsk,5
Rudny,5
Ruhengeri,4
Rumbek,4
Rundu,4
Ruse,4
Russas,3
Rustavi,4
Rustenburg,4
Ruteng,6
Ruzayevka,4
Ryazan,4
Rybinsk,4
Rzeszow,4
Rzhev,4
Saarbrucken,4
Sabanalarga,2
Sabha,4
Sabinas Hidalgo,2
Sabzewar,4
Sacramento,1
Sadah,4
Sadiqabad,5
Safford,2
Safi,3
Safonovo,4
Sagar,5
Saginaw1,2
Saginaw2,2
Sagua la Grande,2
Saharanpur,5
Sahiwal,5
Saida1,4
Saida2,4
Saidpur,5
Saidu,5
Saint George ۪s,2
Saint John's,2
Saint-Etienne,4
Saint-Georges1,2
Saint-Georges2,3
Saint-Laurent-du-Maroni,3
Saint-Louis,3
Sakata,6
Sakhon Nakhon,5
Saki,4
Salalah,4
Salamanca1,2
Salamanca2,2
Salamanca3,3
Salatiga,5
Salavat,4
Salaverry,2
Saldanha,4
Sale,6
Salekhard,5
Salem1,2
Salem2,1
Salem3,5
Salerno,4
Salgueiro,3
Salima,4
Salina,2
Salina Cruz,2
Salinas1,1
Salinas2,2
Salinopolis,3
Salisbury,2
Salluit,2
Salmon,2
Salsk,4
Salt Lake City,2
Salta,2
Saltillo,2
Salto,3
Salum,4
Salvador,3
Salzburg,4
Samalut,4
Samandagi,4
Samara,4
Samarinda,5
Samarqand,5
Sambalpur,5
Sambava,4
Same,4
Sampit,5
Samsun,4
Samut Prakan,5
San,3
San Angelo,2
San Antonio Oeste,2
San Antonio de los Banos,2
San Antonio1,2
San Antonio2,2
San Bernardino,2
San Bernardo,2
San Carlos,2
San Carlos de Bariloche,2
San Carlos del Zulia,2
San Cristobal,2
San Cristobal de Las Casas,2
San Diego,2
San Felipe1,2
San Felipe2,2
San Fernando de Apure,2
San Fernando1,2
San Fernando2,2
San Fernando3,2
San Francisco de Macoris,2
San Francisco1,1
San Francisco2,2
San Gabriel,2
San Ignacio,2
San Javier,2
San Jose de Mayo,3
San Jose del Guaviare,2
San Jose1,2
San Jose2,2
San Jose3,1
San Juan Bautista,3
San Juan del Rio,2
San Juan del Sur,2
San Juan1,2
San Juan2,2
San Justo,2
San Lorenzo1,3
San Lorenzo2,3
San Luis Obispo,1
San Luis Potosi,2
San Luis1,2
San Luis2,2
San Marcos,2
San Marino,4
San Martin1,2
San Martin2,2
San Mateo,1
San Miguel,2
San Miguel de Tucuman,2
San Nicolas,2
San Pablo,6
San Pedro Sula,2
San Pedro de Macoris,2
San Pedro de las Colonias,2
San Pedro1,2
San Pedro2,3
San Rafael1,2
San Rafael2,2
San Ramon,2
San Ramon de la Nueva Oran,2
San Salvador,2
San Salvador de Jujuy,2
San Sebasti  n,3
San-Pedro,3
Sanaa,4
Sanandaj,4
Sancti Spiritus,2
Sand Point,1
Sandakan,5
Sandnes,4
Sanford,2
Sangli,5
Sangolqui,2
Sanliurfa,4
Sanming,5
Santa Ana,2
Santa Barbara1,2
Santa Barbara2,2
Santa Barbara3,2
Santa Clara,2
Santa Cruz Cabralia,3
Santa Cruz de Tenerife,3
Santa Cruz do Sul,3
Santa Cruz1,2
Santa Cruz2,3
Santa Fe1,2
Santa Fe2,2
Santa Ines,3
Santa Lucia,3
Santa Maria da Vitoria,3
Santa Maria1,1
Santa Maria2,3
Santa Marta,2
Santa Rita,2
Santa Rosa de Copan,2
Santa Rosa1,1
Santa Rosa2,2
Santa Rosa3,3
Santa Rosalia,2
Santa Vitoria do Palmar,3
Santana do Livramento,3
Santander,3
Santarem,3
Santiago Ixcuintla,2
Santiago Tuxtla,2
Santiago de Compostela,3
Santiago de Cuba,2
Santiago del Estero,2
Santiago1,2
Santiago2,2
Santiago3,2
Santo Andre,3
Santo Domingo,2
Santo Tomas,2
Santo angelo,3
Santos,3
Sanya,5
Sao Borja,3
Sao Carlos,3
Sao Francisco do Sul,3
Sao Gabriel,3
Sao Joao da Boa Vista,3
Sao Joao del Rei,3
Sao Jose de Ribamar,3
Sao Jose do Rio Preto,3
Sao Jose dos Campos,3
Sao Jose dos Pinhais,3
Sao Lourenco do Sul,3
Sao Luis,3
Sao Luiz Gonzaga,3
Sao Mateus,3
Sao Paolo,3
Sao Tome,4
Sapele,4
Sapporo,6
Saraburi,5
Sarajevo,4
Saransk,4
Sarapul,4
Sarasota,2
Saratoga Springs,2
Saratov,4
Sargodha,5
Sarh,4
Sari,4
Sarmiento,2
Sarnia,2
Sarqan,5
Saryshaghan,5
Saseba,6
Saskatoon,2
Sasovo,4
Sassandra,3
Sassari,4
Satadougou,3
Saudarkrokur,3
Sault Ste. Marie,2
Saurimo,4
Savannah,2
Savannakhet,5
Saveh,4
Savetskaya Gavan,6
Savonlinna,4
Sawahlunto,5
Sayanogorsk,5
Saywun,4
Scarborough,3
Schefferville,2
Schenectady,2
Scottsbluff,2
Scottsdale1,6
Scottsdale2,2
Scranton,2
Seattle,1
Sechura,2
Sefra,3
Segezha,4
Segou,3
Seguela,3
Sekondi,3
Selawik,1
Selfoss,3
Selibaby,3
Selkirk,2
Selma,2
Semarang,5
Sembe,4
Semey,5
Semnan,4
Sena Madureira,2
Sendai,6
Senhor do Bonfim,3
Sennar,4
Sensuntepeque,2
Seoul,6
Serang,5
Serdobsk,4
Seremban,5
Seres,4
Sergiyev Posad,4
Serov,5
Serowe,4
Serpukhov,4
Serrinha,3
Sesheke,4
Sete Lagoas,3
Setif,4
Settat,3
Setubal,3
Sevastapol,4
Severnyy,5
Severodvinsk,4
Severomorsk,4
Severouralsk,5
Severouralsk,4
Seville,3
Seymour,6
Sfax,4
Shache,5
Shadrinsk,5
Shahjahanpur,5
Shahrisabz,5
Shahrud,4
Shakhty,4
Shalqar,4
Shamattawa,2
Shamva,4
Shangdu,5
Shanghai,5
Shanghai,6
Shangqiu,5
Shangrao,5
Shangzhi,6
Shannon,3
Shantou,5
Shanxian,5
Shaoguan,5
Shaowu,5
Shaoxing,6
Shaoyang,5
Shar,5
Sharbaqty,5
Sharjah,4
Sharya,4
Shashemene,4
Shashi,5
Shawinigan,2
Shawnee,2
Shchekino,4
Shebekino,4
Sheberghan,5
Sheboygan,2
Sheffield,3
Sheikhu Pura,5
Shelburne,2
Shemonaikha,5
Shendi,4
Shenyeng,6
Shenzhen,5
Shepparton,6
Sherbrooke,2
Sherlovaya Gora,5
Sherman,2
Shieli,5
Shihezi,5
Shijianzhuang,5
Shilka,5
Shillong,5
Shimanovsk,6
Shimoga,5
Shimonoseki,6
Shinyanga,4
Shira,5
Shiraz,4
Shishmaref,1
Shishou,5
Shiyan,5
Shizuishan,5
Shizuoka,6
Shkoder,4
Sholapur,5
Shonzhy,5
Shostka,4
Shouzhou,5
Shreveport,2
Shu,5
Shuangcheng,6
Shulan,6
Shumen,4
Shumerlya,4
Shuya,4
Shuyang,5
Shwebo,5
Shymkent,5
Si Racha,5
Sialkote,5
Siauliai,4
Sibay,4
Sibiti,4
Sibiu,4
Sibolga,5
Sibu,5
Sibut,4
Sica Sica,2
Sicuani,2
Sidi bel Abbes,3
Sidney,2
Siedlce,4
Siem Reap,5
Siena,4
Siguiri,3
Sikar,5
Sikasso,3
Sikonge,4
Silchar,5
Siliguri,5
Simao,5
Simferopol,4
Sincelejo,2
Singapore,5
Singaraja,5
Singida,4
Singkawang,5
Singleton,6
Sinnamary,3
Sinop,3
Sinuiju,6
Sioux City,2
Sioux Falls,2
Siping,6
Siracusa,4
Sirsa,5
Sisaket,5
Sisophon,5
Sitapur,5
Sitia,4
Sitka,1
Sittwe,5
Sivas,4
Siwa,4
Sixaola,2
Skagway,1
Skelleftea,4
Skien,4
Skikda,4
Skopje,4
Skovorodino,6
Slantsy,4
Slavgorod,5
Slavonski Brod,4
Slidell,2
Sligo,3
Sliven,4
Slobodskoy,4
Slupsk,4
Slyudyanka,5
Smara,3
Smithers,1
Smithton,6
Smolensk,4
Sobral,3
Soc Trang,5
Sochi,4
Socorro1,2
Socorro2,2
Sodankyla,4
Sodo,4
Sofia,4
Sogamoso,2
Sohag,4
Sohano,6
Sokcho,6
Soke,4
Sokode,4
Sokol,4
Sokolo,3
Sokoto,4
Sol-lletsk,4
Soledad,2
Solikamsk,4
Solnechnogorsk,4
Solwezi,4
Son Tay,5
Sonbong,6
Songea,4
Songkhla,5
Songo,4
Sonipat,5
Sonson,2
Sonsonate,2
Sopur,5
Sorocaba,3
Sorong,6
Soroti,4
Sosnogorsk,4
Sotik,4
Soubre,3
Souk Ahras,4
Sousse,4
South Bend,2
Southampton,3
Southaven,2
Southend,4
Southern Cross,5
Sovetsk1,4
Sovetsk2,4
Soyo,4
Spanish Town,2
Spartanburg,2
Sparti,4
Spassk Dalniy,6
Spencer,2
Split,4
Spokane,2
Spring Hill,2
Springbok,4
Springfield1,2
Springfield2,2
Springfield3,2
Springfield4,2
Springfield5,1
Springs,4
Srinagar,5
St. Anthony,3
St. Augustine,2
St. Charles1,2
St. Charles2,2
St. Cloud,2
St. George,2
St. John,2
St. John ۪s,3
St. Joseph,2
St. Louis,2
St. Paul,2
St. Petersburg1,2
St. Petersburg2,4
St.-Benoit,4
St.-Brieuc,3
St.-Denis,4
St.-Jerome,2
Stamford,2
Standerton,4
Stanley,3
Stara Zagora,4
Staraya Russa,4
Starsy Oskol,4
State College,2
Stavanger,4
Stavropol,4
Stawell,6
Steinbach,2
Steinkjer,4
Stepanakert,4
Stephenville,3
Sterlitamak,4
Stettler,2
Stillwater,2
Stockholm,4
Stoke,3
Stony Rapids,2
Stralsund,4
Strasbourg,4
Streaky Bay,6
Strezhevoy,5
Stuttgart,4
Subotica,4
Suceava,4
Sucre,2
Sudbury,2
Suhar,4
Suihua,6
Suileng,6
Sukabumi,5
Sukhothai,5
Sukhumi,4
Sukkur,5
Sullana,2
Sumbawanga,4
Sumbe,4
Sumenep,5
Sumqayt,4
Sumter,2
Sumy,4
Sunbury,6
Sunchales,2
Sunchon,6
Sunderland,3
Sundsvall,4
Sungai Petani,5
Sungaipenuh,5
Sunshine Coast,6
Suntar,5
Superior,2
Sur,4
Surabaya,5
Surakarta,5
Surat,5
Surat Thani,5
Surgut,5
Surigao,6
Surin,5
Surt,4
Suva,6
Suwalki,4
Suwon,6
Suzhou,6
Svendborg,4
Svetogorsk,4
Svobodnyy,6
Swakopmund,4
Swan Hill,6
Swansea,3
Swellendam,4
Swift Current,2
Sydney1,6
Sydney2,2
Syktyvkar,4
Sylhet,5
Syracuse,2
Syzran,4
Szczecin,4
Szeged,4
Szekesfehervar,4
Szolnok,4
Szombathely,4
Tabora,4
Tabriz,4
Tabuk,4
Tacheng,5
Tacloban,6
Tacna,2
Tacoma,1
Tacuarembo,3
Tadmur,4
Taedong,6
Taganrog,4
Tagum,6
Tahoua,4
Taian,5
Taichung,6
Tailai,6
Tainan,6
Taipei,6
Taiping,5
Taitung,6
Taiyuan,5
Taizhou,5
Taizhou,6
Taizz,4
Tak,5
Takamatsu,6
Takaoka,6
Takapuna,6
Takeo,5
Talara,2
Talas,5
Talca,2
Talcahuano,2
Taldyqorghan,5
Tall Afar,4
Tallahassee,2
Tallinn,4
Taloyoak,2
Taltal,2
Tamale,3
Tamanrasset,4
Tamazunchale,2
Tambacounda,3
Tambov,4
Tame,2
Tampa,2
Tampere,4
Tampico,2
Tamuin,2
Tamworth,6
Tan An,5
Tan Tan,3
Tandil,3
Tanga,4
Tangail,5
Tangier,3
Tangshan,5
Tanjungkarang-Telubketung,5
Tanjungpandan,5
Tanjungpinang,5
Tanta,4
Taonan,6
Tapachula,2
Tara,5
Tarabuco,2
Tarakan,5
Taranto,4
Tarapoto,2
Tarawa,6
Taraz,5
Tarbes,4
Tarbes,3
Taree,6
Tarija,2
Tarlac,6
Tarma,2
Tarnow,4
Tarragona,4
Tarsus,4
Tartagal,2
Tartu,4
Tartus,4
Tarutung,5
Tash Komur,5
Tashkent,5
Tashtagol,5
Tasikmalaya,5
Tatarsk,5
Tatui,3
Tatvan,4
Taubate,3
Taungoo,5
Taupo,6
Tauranga,6
Tavda,5
Tawau,5
Tayshet,5
Tayynsha,5
Taza,3
Tbilisi,4
Tebessa,4
Tebingtinggi,5
Tecoman,2
Tecuala,2
Tefe,2
Tegal,5
Tegucigalpa,2
Tehran,4
Tehuacan,2
Tehuantepec,2
Tejen,5
Tekax,2
Tekirdag,4
Tel Aviv-Yafo,4
Telemaco Borba,3
Teller,1
Teluk Intan,5
Tema,3
Tema,4
Temirtau,5
Temple,2
Temuco,2
Tena,2
Tengchong,5
Tenkodogo,3
Tennant Creek,6
Tenosique,2
Teofilo Otoni,3
Tepic,2
Teresina,3
Termiz,5
Ternate,6
Ternopil,4
Terrace,1
Terre Haute,2
Tessenei,4
Tete,4
Tetovo,4
Texarkana,2
Texas City,2
Teziutlan,2
Tezpur,5
Thai Nguyen,5
Thanh Hoa,5
Thanjavur,5
The Hague,4
The Pas,2
Theodore,6
Thermopolis,2
Thessalon,2
Thessaloniki,4
Thies,3
Thika,4
Thimphu,5
Thohoyandou,4
Thompson,2
Thongwa,5
Thorshavn,3
Three Springs,5
Thunder Bay,2
Thung Song,5
Tianjin,5
Tianmen,5
Tianshui,5
Tiarat,4
Tibati,4
Ticul,2
Tidjikdja,3
Tidore,6
Tieli,6
Tieling,6
Tijuana,2
Tikhoretsk,4
Tikhvin,4
Tikrit,4
Tillaberi,4
Tillamook,1
Timaru,6
Timashevsk,4
Timbauba,3
Timbedra,3
Timbuktu,3
Timika,6
Timimoun,4
Timiryazevskiy,5
Timisoara,4
Timmins,2
Timon,3
Tindouf,3
Tingo Maria,2
Tinogasta,2
Tirana,4
Tiraspol,4
Tirgu Mures,4
Tiruchchirappalli,5
Tirunelveli,5
Tirupati,5
Tiruppur,5
Tiruvannamalai,5
Titusville,2
Tizimin,2
Tiznit,3
Tlaxcala,2
Tlaxiaco,2
Tlimcen,3
Toamasina,4
Tobol,5
Tobolsk,5
Tocache,2
Tocantinopolis,3
Toconao,2
Tocopilla,2
Togiak,1
Toguchin,5
Tokar,4
Tokmak,5
Toktogul,5
Tokushima,6
Tokyo,6
Tolanaro,4
Toledo1,2
Toledo2,3
Toliara,4
Tolu,2
Toluca,2
Tolyatti,4
Tom Price,5
Tomah,2
Tomakomai,6
Tombstone,2
Tomsk,5
Tonantins,2
Tongchuan,5
Tonghua,6
Tongliao,6
Tongling,5
Tongren,5
Tonk,5
Tonopah,2
Toowoomba,6
Topeka,2
Topki,5
Torbat-e Jam,5
Toronto,2
Tororo,4
Torreon,2
Torzhok,4
Totness,3
Tottori,6
Touggourt,4
Toulon,4
Toulouse,4
Tournavista,2
Tours,4
Townsville,6
Toyama,6
Tozeur,4
Trablous,4
Trabzon,4
Tralee,3
Trancas,2
Trang,5
Tranqueras,3
Traralgon,6
Traverse City,2
Treinta y Tres,3
Trelew,2
Trento,4
Trenton,2
Trepassey,3
Tres Arroyos,2
Tres Lagoas,3
Treviso,4
Trieste,4
Trindade,3
Trinidad1,2
Trinidad2,2
Tripoli1,4
Tripoli2,4
Trivandrum,5
Trnava,4
Trois Rivieres,2
Troitsk,5
Trollhattan,4
Tromso,4
Trondheim,4
Trout River,3
Troyes,4
Trujillo1,2
Trujillo2,2
Trujillo3,2
Truth or Consequences,2
Tsavo,4
Tsetserleg,5
Tshabong,4
Tshela,4
Tshikapa,4
Tskhinvali,4
Tsu,6
Tsumeb,4
Tsuruoka,6
Tuapse,4
Tuban,5
Tubarao,3
Tubruq,4
Tucano,3
Tucson,2
Tucumcari,2
Tucupita,2
Tucurui,3
Tukuyu,4
Tula1,4
Tula2,2
Tulare,2
Tulcea,4
Tulsa,2
Tulua,2
Tulun,5
Tumbes,2
Tumen,6
Tumkur,5
Tumut,6
Tunduma,4
Tunduru,4
Tungkang,6
Tunis,4
Tunja,2
Tununak,1
Tunuyan,2
Tupa,3
Tupelo,2
Tupiza,2
Tuquerres,2
Turbat,5
Turbo,2
Turin,4
Turkistan,5
Turkmenabat,5
Turkmenbasy,4
Turku,4
Turnovo,4
Turpan,5
Tuscaloosa,2
Tuticorin,5
Tuxpam,2
Tuxpan,2
Tuxtla Gutierrez,2
Tuymazy,4
Tuzla,4
Tver,4
Tweed Heads,6
Twin Falls,2
Tyler,2
Tynda,6
Tyumen,5
Tzaneen,4
Uba,3
Ubaitaba,3
Uberaba,3
Uberlandia,3
Ubomba,4
Ubon Ratchathani,5
Udaipur,5
Udine,4
Udon Thani,5
Ufa,4
Uglegorsk,6
Uglich,4
Uige,4
Uitenhage,4
Ujjain,5
Ujungpandang,5
Ukhta,4
Ukiah,1
Ulaanbaatar,5
Ulaangom,5
Ulan Ude,5
Ulanhot,6
Uliastay,5
Ulladulla,6
Ulm,4
Ulsan,6
Ulundi,4
Ulyanovsk,4
Uman,4
Umea,4
Umm Ruwaba,4
Umm al Qaywayn,4
Umtata,4
Unalakleet,1
Unalaska,1
Uncia,2
Upata,2
Upington,4
Upper Hutt,6
Uppsala,4
Uray,5
Urbana,2
Urgentch,5
Urgut,5
Uroteppa,5
Uruapan,2
Urubamba,2
Uruguaiana,3
Urumqi,5
Uryupinsk,4
Urzhar,5
Usak,4
Usakos,4
Ushtobe,5
Ushuaia,2
Usolye Sibirskoye,5
Uspallata,2
Ussuriysk,6
Ust Kut,5
Ust-Ulimsk,5
Uthai Thani,5
Utica,2
Utrecht,4
Utsunomiya,6
Uttaradit,5
Uvinza,4
Uvira,4
Uyar,5
Uyuni,2
Uzhgorod,4
Uzhur,5
Vaasa,4
Vac,4
Vacaria,3
Vadodara,5
Vaduz,4
Val d'Or,2
Valdez,1
Valdivia,2
Valdosta,2
Valenca,3
Valencia1,2
Valencia2,3
Valera,2
Valladolid1,3
Valladolid2,2
Valle de la Pascua,2
Valledupar,2
Vallegrande,2
Vallejo,1
Vallenar,2
Valletta,4
Valparai,5
Valparaiso1,2
Valparaiso2,2
Valuyki,4
Van,4
Van Horn,2
Vanadzor,4
Vancouver1,1
Vancouver2,1
Vanhynsdorp,4
Vanino,6
Varamin,4
Varanasi,5
Varna,4
Varzea Grande,3
Vasteraas,4
Vatican City,4
Vaxjo,4
Vegreville,2
Veinticinco de Mayo,2
Velikiy Ustyug,4
Velikiye Luki,4
Vellore,5
Velsk,4
Venado Tuerto,2
Venice,4
Ventspils,4
Vera,2
Veracruz,2
Vereeniging,4
Vergara,3
Verkhniy Ufaley,5
Verkhnyaya Salda,5
Vernal,2
Vernon,2
Vero Beach,2
Verona,4
Versailles,4
Viacha,2
Viana,3
Vibo Valentia,4
Viborg,4
Vicente Guerrero,2
Vichuga,4
Vichy,4
Vicksburg,2
Victor Harbor,6
Victoria Falls,4
Victoria1,2
Victoria2,1
Victoria3,2
Victoria4,4
Victoria5,2
Victoriaville,2
Victorica,2
Viedma,2
Vienna,4
Vientiane,5
Viet Tri,5
Vigo,3
Vijayawada,5
Vikhorevka,5
Vila Velha,3
Vilanculos,4
Vilhena,2
Villa Ahumada,2
Villa Angela,2
Villa Carlos Paz,2
Villa Constitucion,2
Villa Hayes,3
Villa Maria,2
Villa Rumipal,2
Villa Union,2
Villahermosa,2
Villanueva,2
Villarica,2
Villavicencio,2
Villazon,2
Vilnius,4
Vilyuysk,6
Vina del Mar,2
Vinh,5
Vinnytsya,4
Virginia Beach,2
Visakhapatnam,5
Visalia,2
Visby,4
Viseu,3
Vitoria da Conquista,3
Vitoria1,3
Vitoria2,3
Vitsyebsk,4
Vizianagaram,5
Vladikavkaz,4
Vladimir,4
Vladivostok,6
Vlore,4
Voi,4
Volgodonsk,4
Volgograd,4
Volkhov,4
Volksrust,4
Vologda,4
Volos,4
Volsk,4
Volta Redonda,3
Volzhskiy,4
Vorkuta,5
Voronezh,4
Votkinsk,4
Voznesensk,4
Vratsa,4
Vryburg,4
Vryheid,4
Vung Tau,5
Vyazemskiy,6
Vyazma,4
Vyborg,4
Vyshnniy Volochek,4
Vyska,4
Wa,3
Waco,2
Wadi Halfa,4
Wafangdian,6
Wagga Wagga,6
Wagin,5
Wahiawa,1
Wailuku,1
Waingapu,6
Wainwright,1
Waitakere,6
Wajir,4
Wakayama,6
Wakema,5
Waku Kungo,4
Walbrzych,4
Wales,1
Walla Walla,2
Wallace,2
Wallaroo,6
Walvis Bay,4
Wamba,4
Wanganui,6
Wangaratta,6
Wangqing,6
Wanxian,5
Warangal,5
Warri,4
Warrnambool,6
Warsaw,4
Warwick,6
"Washington, D.C.",2
Watampone,6
Waterbury,2
Waterford,3
Waterloo,2
Watertown,2
Waterville,2
Watsa,4
Wau,4
Waukegan,2
Waukesha,2
Wausau,2
Wawa,2
Waycross,2
Weifang,5
Weihai,6
Weinan,5
Welkom,4
Wellington,6
Wenatchee,1
Wenshan,5
Wenzhou,6
West Bend,2
West Palm Beach,2
Westport,6
Wetaskiwin,2
Wewak,6
Weyburn,2
Whakatane,6
Whangarei,6
Wheeling,2
White Sulphur Springs,2
Whitehorse,1
Whyalla,6
Wiarton,2
Wichita,2
Wichita Falls,2
Wiener,4
Wiesbaden,4
Wilcannia,6
Wilkes Barre,2
Willcox,2
Willemstad,2
Williams Lake,1
Williamsport,2
Williston,2
Willmar,2
Wilmington1,2
Wilmington2,2
Winchester,2
Windhoek,4
Windsor1,2
Windsor2,2
Winneba,3
Winnemucca,2
Winnipeg,2
Winona,2
Winston-Salem,2
Winter Haven,2
Winton,6
Witu,4
Wloclawek,4
Wollongong,6
Wonju,6
Wonsan,6
Wonthaggi,6
Woodward,2
Worcester1,2
Worcester2,4
Wrangell,1
Wroclaw,4
Wuchuan,5
Wuhan,5
Wuhu,5
Wukari,4
Wum,4
Wuppertal,4
Wurzburg,4
Wuwei,5
Wuxi,6
Wuxi,5
Wuyuan,5
Wuzhou,5
Xai-Xai,4
Xalapa,2
Xanthi,4
Xapeco,3
Xiamen,5
Xian,5
Xiangfan,5
Xiangkhoang,5
Xiangtai,5
Xiangtan,5
Xiantao,5
Xiaogan,5
Xichang,5
Xigaze,5
Xilinhot,5
Xinguara,3
Xingyi,5
Xining,5
Xinqing,6
Xinxiang,5
Xinyang,5
Xinyi,5
Xinyu,5
Xinzhou,5
Xique-Xique,3
Xuanhua,5
Xuchang,5
Xuzhou,5
Yaan,5
Yacuiba,2
Yakeshi,6
Yakima,1
Yakutat,1
Yakutsk,6
Yala,5
Yalta,4
Yalutorovsk,5
Yamagata,6
Yamba,6
Yambio,4
Yamoussoukro,3
Yanbu al Bahr,4
Yandoon,5
Yangambi,4
Yangjiang,5
Yangquan,5
Yangzhou,5
Yanji,6
Yankton,2
Yantai,6
Yaounde,4
Yarmouth,2
Yaroslave,4
Yaynangyoung,5
Yazd,4
Ye,5
Yefremov,4
Yegoryevsk,4
Yei,4
Yekaterinburg,5
Yelets,4
Yelimane,3
Yellowknife,2
Yemanzhelinsk,5
Yendi,4
Yendi,3
Yeniseysk,5
Yeosu,6
Yeppoon,6
Yerevan,4
Yevlax,4
Yevpatoriya,4
Yeysk,4
Yian,6
Yibin,5
Yichang,5
Yichun,6
Yinchuan,5
Yingkow,6
Yining,5
Yirga Alem,4
Yishan,5
Yishui,5
Yitulihe,6
Yiyang,5
Yogyakarta,5
Yokohama,6
Yola,4
Yomou,3
Yongzhou,5
York1,2
York2,3
Yorkton,2
Yoshkar Ola,4
Young,6
Youngstown,2
Ypacarai|Ita,3
Yuanlin,6
Yuba City,1
Yuci,5
Yueyang,5
Yulara,6
Yulin1,5
Yulin2,5
Yuma,2
Yunxian,5
Yurga,5
Yuxi,5
Yuzhno Sakhalinsk,6
Z  rich,4
Zabid,4
Zabol,5
Zacatecas,2
Zadar,4
Zagreb,4
Zahedan,5
Zahle,4
Zakho,4
Zalantun,6
Zambezi,4
Zamboanga,6
Zamora1,2
Zamora2,2
Zanesville,2
Zanjan,4
Zanzibar,4
Zaozernyy,5
Zaozhuang,5
Zapala,2
Zaporizhzhya,4
Zarafshon,5
Zaragoza,3
Zarate,3
Zaraza,2
Zaria,4
Zarzis,4
Zaysan,5
Zelenodolsk,4
Zelenokumsk,4
Zenica,4
Zhaltyr,5
Zhangjiakou,5
Zhangye,5
Zhangzhou,5
Zhanibek,4
Zhanjiang,5
Zhanyi,5
Zhaodong,6
Zhaoqing,5
Zhaotang,5
Zharkent,5
Zheleznogorsk,4
Zheleznogorsk Ilimskiy,5
Zhengzhou,5
Zhenjiang,5
Zhetiqara,5
Zhijiang,5
Zhob,5
Zholymbet,5
Zhosaly,5
Zhoukou,5
Zhuanghe,6
Zhucheng,5
Zhuzhou,5
Zhytomyr,4
Zibo,5
Zicheng,5
Zielona Gora,4
Zigong,5
Ziguinchor,3
Zilina,4
Zima,5
Zinder,4
Zixing,5
Zlatoust,4
Zlin,4
Zmeinogorsk,5
Zomba,4
Zongo,4
Zonguldak,4
Zouar,4
Zouirat,3
Zrenjanin,4
Zumpango,2
Zunyi,5
Zuozhou,5
Zuwarah,4
Zvishavane,4
Zvolen,4
Zwedru,3
Zyryanovsk,5
